Month,Year,705727,530637,634676,572191,717996,686235,641285,451068,414054,638640,468811
3,1984,,,,,426.0,,,,,240.0,
4,1984,,,,,481.0,,,,,238.0,
5,1984,0.0,118.0,360.0,,485.0,,359.0,,,,
6,1984,0.0,105.0,363.0,721.0,600.0,,318.0,311.0,,230.0,132.0
7,1984,0.0,119.0,363.0,723.0,600.0,232.0,319.0,310.0,,229.0,130.0
8,1984,0.0,118.0,385.0,723.0,600.0,264.0,359.0,316.0,,228.0,
9,1984,0.0,119.0,385.0,725.0,600.0,264.0,359.0,320.0,,169.0,
10,1984,0.0,,,,653.0,278.0,,,,,
11,1984,966.0,119.0,,726.0,654.0,278.0,,319.0,,,146.0
12,1984,1410.0,119.0,,726.0,669.0,283.0,357.0,319.0,,,148.0
1,1985,1410.0,119.0,,726.0,,285.0,356.0,319.0,,,150.0
2,1985,1410.0,119.0,416.0,726.0,673.0,287.0,356.0,319.0,292.0,197.0,150.0
3,1985,1398.0,119.0,416.0,726.0,677.0,289.0,354.0,319.0,292.0,196.0,
4,1985,1398.0,118.0,414.0,726.0,677.0,270.0,349.0,319.0,292.0,195.0,
5,1985,1396.0,,,,677.0,269.0,,,,,
6,1985,1404.0,117.0,,718.0,677.0,268.0,,309.0,,,149.0
7,1985,1407.0,118.0,,726.0,677.0,268.0,359.0,309.0,,,145.0
8,1985,1410.0,117.0,,712.0,,262.0,359.0,320.0,,,0.0
9,1985,1409.0,119.0,1.0,722.0,650.0,264.0,359.0,,292.0,165.0,85.0
10,1985,1409.0,119.0,415.0,725.0,650.0,272.0,368.0,,,254.0,
11,1985,1410.0,119.0,428.0,725.0,650.0,283.0,371.0,310.0,292.0,254.0,150.0
12,1985,1410.0,119.0,430.0,725.0,650.0,286.0,373.0,310.0,292.0,254.0,150.0
1,1986,1410.0,119.0,432.0,723.0,669.0,290.0,373.0,310.0,292.0,254.0,150.0
2,1986,1409.0,119.0,432.0,720.0,669.0,292.0,373.0,310.0,292.0,254.0,150.0
3,1986,1408.0,119.0,432.0,717.0,669.0,294.0,373.0,310.0,292.0,254.0,150.0
4,1986,1409.0,119.0,434.0,676.0,549.0,282.0,361.0,,292.0,254.0,149.0
5,1986,1409.0,119.0,415.0,673.0,550.0,267.0,361.0,,,0.0,
6,1986,1408.0,119.0,53.0,673.0,550.0,267.0,359.0,306.0,292.0,178.0,140.0
7,1986,1407.0,119.0,384.0,658.0,524.0,261.0,359.0,310.0,279.0,164.0,81.0
8,1986,1404.0,119.0,404.0,658.0,497.0,183.0,368.0,,257.0,169.0,81.0
9,1986,1072.0,9.0,415.0,721.0,560.0,79.0,368.0,,,169.0,72.0
10,1986,1071.0,119.0,417.0,725.0,636.0,91.0,371.0,,,241.0,
11,1986,1077.0,119.0,415.0,725.0,649.0,288.0,371.0,,292.0,245.0,146.0
12,1986,1081.0,119.0,414.0,725.0,649.0,292.0,373.0,310.0,292.0,249.0,147.0
1,1987,1081.0,119.0,411.0,725.0,649.0,295.0,373.0,310.0,292.0,252.0,148.0
2,1987,1081.0,119.0,409.0,725.0,651.0,295.0,373.0,308.0,292.0,254.0,150.0
3,1987,1072.0,119.0,407.0,725.0,651.0,289.0,373.0,,292.0,254.0,151.0
4,1987,1065.0,119.0,405.0,724.0,651.0,283.0,373.0,,,229.0,153.0
5,1987,1065.0,112.0,391.0,723.0,603.0,267.0,379.0,,,200.0,
6,1987,1061.0,97.0,392.0,652.0,602.0,267.0,359.0,,292.0,165.0,39.0
7,1987,1064.0,85.0,392.0,673.0,601.0,0.0,359.0,295.0,147.0,165.0,37.0
8,1987,1046.0,,400.0,673.0,484.0,0.0,359.0,298.0,,162.0,66.0
9,1987,1063.0,,420.0,,519.0,170.0,381.0,316.0,,163.0,64.0
10,1987,1064.0,,,,475.0,108.0,382.0,,,242.0,
11,1987,1092.0,,428.0,,445.0,292.0,382.0,316.0,290.0,245.0,
12,1987,1091.0,108.0,429.0,,640.0,294.0,382.0,316.0,290.0,248.0,150.0
1,1988,1094.0,108.0,432.0,673.0,640.0,294.0,382.0,316.0,290.0,250.0,150.0
2,1988,1087.0,108.0,434.0,673.0,639.0,294.0,382.0,316.0,291.0,250.0,150.0
3,1988,1061.0,,436.0,673.0,635.0,289.0,381.0,316.0,,248.0,150.0
4,1988,1061.0,,437.0,,598.0,283.0,381.0,316.0,,254.0,150.0
5,1988,1054.0,,,,595.0,282.0,368.0,,,228.0,
6,1988,1054.0,,404.0,,7.0,254.0,368.0,312.0,292.0,165.0,
7,1988,1053.0,99.0,406.0,,731.0,238.0,359.0,317.0,291.0,154.0,145.0
8,1988,1101.0,104.0,408.0,673.0,570.0,239.0,359.0,320.0,287.0,153.0,86.0
9,1988,1099.0,104.0,409.0,,570.0,235.0,359.0,320.0,,160.0,85.0
10,1988,1099.0,,,,,265.0,359.0,,,167.0,
11,1988,1101.0,,436.0,,,286.0,365.0,320.0,,224.0,154.0
12,1988,1124.0,119.0,435.0,673.0,,289.0,367.0,320.0,290.0,226.0,154.0
1,1989,1128.0,118.0,434.0,673.0,652.0,292.0,367.0,320.0,291.0,229.0,154.0
2,1989,1127.0,117.0,434.0,673.0,653.0,294.0,367.0,320.0,291.0,232.0,154.0
3,1989,1124.0,115.0,434.0,673.0,654.0,294.0,367.0,320.0,291.0,232.0,154.0
4,1989,1104.0,114.0,433.0,,655.0,289.0,368.0,320.0,,229.0,154.0
5,1989,1097.0,,,,,289.0,368.0,,,226.0,
6,1989,1098.0,,389.0,,,0.0,359.0,320.0,,173.0,132.0
7,1989,1098.0,97.0,387.0,673.0,,265.0,358.0,292.0,229.0,124.0,78.0
8,1989,1098.0,100.0,389.0,721.0,657.0,267.0,359.0,289.0,229.0,124.0,
9,1989,1061.0,,400.0,725.0,637.0,268.0,381.0,,252.0,169.0,
10,1989,1025.0,,406.0,,638.0,282.0,381.0,,,,136.0
11,1989,1021.0,103.0,407.0,725.0,640.0,292.0,382.0,313.0,,205.0,139.0
12,1989,1020.0,104.0,407.0,725.0,640.0,292.0,382.0,315.0,,205.0,143.0
1,1990,1018.0,104.0,408.0,725.0,665.0,292.0,382.0,317.0,290.0,203.0,146.0
2,1990,1016.0,104.0,409.0,725.0,664.0,292.0,382.0,317.0,290.0,200.0,148.0
3,1990,1014.0,104.0,409.0,723.0,663.0,292.0,382.0,317.0,290.0,197.0,
4,1990,917.0,,409.0,722.0,661.0,289.0,382.0,,289.0,132.0,
5,1990,917.0,,409.0,,655.0,282.0,382.0,,,,148.0
6,1990,909.0,104.0,399.0,677.0,653.0,282.0,354.0,292.0,,174.0,142.0
7,1990,909.0,103.0,385.0,673.0,641.0,267.0,355.0,292.0,,167.0,116.0
8,1990,909.0,118.0,390.0,673.0,519.0,264.0,358.0,319.0,245.0,162.0,12.0
9,1990,843.0,117.0,399.0,725.0,578.0,264.0,359.0,,242.0,196.0,152.0
10,1990,865.0,,,,595.0,268.0,362.0,,,240.0,152.0
11,1990,865.0,119.0,417.0,726.0,,278.0,379.0,320.0,,250.0,152.0
12,1990,865.0,119.0,416.0,726.0,650.0,295.0,380.0,320.0,289.0,250.0,152.0
1,1991,864.0,119.0,415.0,726.0,650.0,295.0,381.0,320.0,290.0,250.0,152.0
2,1991,864.0,119.0,415.0,726.0,,295.0,381.0,320.0,290.0,250.0,152.0
3,1991,861.0,119.0,414.0,726.0,,293.0,381.0,320.0,291.0,228.0,152.0
4,1991,775.0,119.0,414.0,726.0,650.0,292.0,380.0,,292.0,227.0,152.0
5,1991,771.0,,,,650.0,267.0,358.0,,,209.0,152.0
6,1991,901.0,104.0,390.0,676.0,,267.0,358.0,320.0,,165.0,150.0
7,1991,1200.0,106.0,397.0,673.0,650.0,267.0,355.0,,291.0,162.0,97.0
8,1991,1200.0,112.0,397.0,673.0,649.0,265.0,356.0,,290.0,162.0,20.0
9,1991,1200.0,112.0,409.0,725.0,,265.0,363.0,,283.0,162.0,150.0
10,1991,1225.0,,,,,268.0,376.0,,,249.0,
11,1991,1229.0,,408.0,726.0,601.0,277.0,376.0,319.0,292.0,250.0,154.0
12,1991,1229.0,119.0,407.0,726.0,663.0,292.0,376.0,319.0,292.0,250.0,154.0
1,1992,1239.0,119.0,407.0,726.0,665.0,293.0,376.0,319.0,292.0,251.0,154.0
2,1992,1239.0,119.0,406.0,726.0,666.0,293.0,376.0,,292.0,252.0,154.0
3,1992,1239.0,119.0,405.0,724.0,664.0,0.0,376.0,,292.0,253.0,154.0
4,1992,1211.0,117.0,405.0,723.0,610.0,267.0,354.0,,292.0,254.0,154.0
5,1992,1209.0,,,,592.0,227.0,354.0,,,229.0,
6,1992,1187.0,,1.0,678.0,578.0,226.0,297.0,279.0,291.0,142.0,154.0
7,1992,1205.0,94.0,362.0,658.0,578.0,22.0,297.0,280.0,290.0,141.0,9.0
8,1992,1205.0,93.0,378.0,723.0,563.0,21.0,293.0,316.0,253.0,141.0,9.0
9,1992,1203.0,,401.0,,600.0,0.0,289.0,,,136.0,10.0
10,1992,1186.0,,,,602.0,268.0,358.0,,,,
11,1992,1290.0,105.0,412.0,725.0,669.0,294.0,366.0,319.0,246.0,196.0,154.0
12,1992,1290.0,109.0,412.0,725.0,671.0,294.0,367.0,319.0,245.0,197.0,154.0
1,1993,1290.0,111.0,412.0,725.0,671.0,294.0,367.0,319.0,243.0,198.0,154.0
2,1993,1290.0,113.0,412.0,725.0,665.0,294.0,368.0,319.0,241.0,199.0,154.0
3,1993,1290.0,115.0,412.0,724.0,663.0,79.0,368.0,320.0,240.0,200.0,154.0
4,1993,1288.0,,412.0,,663.0,280.0,368.0,,,200.0,154.0
5,1993,1218.0,,,,602.0,267.0,359.0,,,,
6,1993,1216.0,103.0,358.0,663.0,604.0,247.0,359.0,295.0,239.0,169.0,145.0
7,1993,1217.0,104.0,358.0,706.0,668.0,232.0,355.0,210.0,239.0,156.0,10.0
8,1993,1271.0,106.0,357.0,726.0,647.0,227.0,358.0,13.0,65.0,133.0,13.0
9,1993,1288.0,,417.0,,641.0,263.0,358.0,,,188.0,15.0
10,1993,1284.0,,417.0,,592.0,277.0,354.0,,,,154.0
11,1993,1280.0,119.0,422.0,725.0,595.0,277.0,366.0,313.0,,252.0,154.0
12,1993,1284.0,119.0,424.0,725.0,639.0,302.0,366.0,314.0,,253.0,154.0
1,1994,1284.0,119.0,425.0,725.0,637.0,303.0,367.0,314.0,93.0,254.0,154.0
2,1994,1284.0,119.0,426.0,725.0,636.0,304.0,367.0,314.0,95.0,254.0,154.0
3,1994,1282.0,119.0,428.0,725.0,616.0,304.0,368.0,314.0,96.0,254.0,154.0
4,1994,1278.0,,428.0,,616.0,303.0,368.0,,,216.0,154.0
5,1994,1274.0,,425.0,,604.0,267.0,373.0,,,,154.0
6,1994,1278.0,94.0,389.0,658.0,596.0,247.0,311.0,290.0,,160.0,154.0
7,1994,1269.0,101.0,368.0,659.0,583.0,245.0,337.0,290.0,,156.0,85.0
8,1994,1251.0,114.0,396.0,,577.0,239.0,382.0,290.0,91.0,158.0,9.0
9,1994,1269.0,116.0,,,595.0,268.0,381.0,315.0,92.0,183.0,
10,1994,1269.0,,433.0,,733.0,265.0,360.0,,,251.0,
11,1994,1276.0,119.0,434.0,678.0,735.0,172.0,378.0,,,252.0,139.0
12,1994,1276.0,119.0,435.0,678.0,736.0,293.0,378.0,317.0,131.0,253.0,142.0
1,1995,1276.0,119.0,437.0,678.0,735.0,294.0,379.0,316.0,129.0,253.0,144.0
2,1995,1274.0,119.0,437.0,678.0,736.0,294.0,379.0,316.0,127.0,253.0,146.0
3,1995,1278.0,119.0,437.0,,736.0,294.0,379.0,315.0,125.0,253.0,148.0
4,1995,1278.0,117.0,,,648.0,283.0,378.0,315.0,123.0,239.0,
5,1995,744.0,,409.0,,647.0,267.0,370.0,,,239.0,
6,1995,746.0,102.0,360.0,664.0,635.0,0.0,358.0,,,162.0,150.0
7,1995,355.0,102.0,404.0,664.0,610.0,240.0,341.0,298.0,96.0,160.0,148.0
8,1995,366.0,,404.0,673.0,606.0,241.0,355.0,,96.0,174.0,3.0
9,1995,356.0,,404.0,673.0,613.0,231.0,359.0,,,174.0,
10,1995,359.0,,,,635.0,199.0,382.0,,,200.0,134.0
11,1995,373.0,,415.0,726.0,637.0,94.0,382.0,315.0,,199.0,137.0
12,1995,181.0,100.0,414.0,726.0,641.0,277.0,382.0,316.0,90.0,198.0,139.0
1,1996,503.0,100.0,413.0,726.0,643.0,277.0,382.0,316.0,89.0,197.0,142.0
2,1996,194.0,100.0,411.0,726.0,643.0,278.0,382.0,317.0,87.0,196.0,144.0
3,1996,223.0,,410.0,726.0,639.0,294.0,382.0,,86.0,0.0,144.0
4,1996,183.0,,408.0,726.0,648.0,292.0,368.0,,,232.0,
5,1996,0.0,,,,657.0,267.0,354.0,,,231.0,154.0
6,1996,1.0,,396.0,718.0,610.0,265.0,351.0,299.0,,0.0,152.0
7,1996,8.0,95.0,378.0,714.0,610.0,264.0,362.0,300.0,56.0,167.0,17.0
8,1996,0.0,115.0,377.0,657.0,610.0,265.0,382.0,310.0,51.0,120.0,10.0
9,1996,0.0,,,726.0,610.0,277.0,363.0,0.0,,121.0,10.0
10,1996,1.0,,,,635.0,278.0,363.0,,,200.0,
11,1996,181.0,,427.0,726.0,637.0,294.0,371.0,312.0,95.0,215.0,137.0
12,1996,191.0,119.0,428.0,726.0,637.0,295.0,373.0,313.0,97.0,217.0,140.0
1,1997,1264.0,119.0,429.0,726.0,655.0,295.0,373.0,314.0,99.0,219.0,143.0
2,1997,1261.0,119.0,430.0,726.0,657.0,295.0,375.0,315.0,100.0,221.0,145.0
3,1997,1220.0,119.0,430.0,726.0,657.0,295.0,376.0,315.0,102.0,223.0,145.0
4,1997,1217.0,,,726.0,636.0,285.0,376.0,316.0,,223.0,145.0
5,1997,852.0,,,,613.0,270.0,373.0,,,211.0,
6,1997,820.0,,400.0,718.0,610.0,269.0,368.0,298.0,107.0,174.0,108.0
7,1997,329.0,112.0,416.0,722.0,598.0,255.0,368.0,298.0,82.0,164.0,67.0
8,1997,358.0,109.0,417.0,726.0,590.0,262.0,363.0,311.0,91.0,169.0,67.0
9,1997,1237.0,,417.0,726.0,592.0,264.0,363.0,311.0,,169.0,67.0
10,1997,1264.0,119.0,,726.0,635.0,264.0,363.0,,,190.0,
11,1997,1265.0,119.0,417.0,726.0,647.0,272.0,371.0,,167.0,211.0,149.0
12,1997,1278.0,119.0,417.0,726.0,651.0,289.0,373.0,,171.0,212.0,149.0
1,1998,1278.0,119.0,415.0,726.0,666.0,291.0,373.0,315.0,173.0,214.0,149.0
2,1998,1278.0,119.0,414.0,726.0,666.0,293.0,375.0,316.0,176.0,215.0,149.0
3,1998,564.0,119.0,413.0,726.0,653.0,294.0,376.0,316.0,178.0,217.0,149.0
4,1998,450.0,,411.0,726.0,611.0,282.0,373.0,317.0,,219.0,147.0
5,1998,429.0,115.0,,718.0,606.0,267.0,359.0,,,217.0,
6,1998,167.0,102.0,405.0,720.0,606.0,267.0,354.0,,85.0,190.0,145.0
7,1998,0.0,103.0,404.0,720.0,575.0,154.0,359.0,,21.0,162.0,9.0
8,1998,72.0,101.0,409.0,720.0,575.0,166.0,355.0,320.0,24.0,169.0,
9,1998,266.0,119.0,405.0,722.0,639.0,90.0,359.0,320.0,,183.0,
10,1998,267.0,119.0,405.0,,661.0,90.0,359.0,,,203.0,143.0
11,1998,170.0,119.0,405.0,726.0,663.0,274.0,371.0,316.0,111.0,222.0,146.0
12,1998,183.0,119.0,405.0,726.0,666.0,276.0,373.0,316.0,113.0,224.0,147.0
1,1999,183.0,119.0,404.0,726.0,666.0,277.0,373.0,315.0,114.0,225.0,149.0
2,1999,183.0,119.0,402.0,726.0,669.0,277.0,373.0,315.0,116.0,226.0,151.0
3,1999,151.0,119.0,400.0,726.0,669.0,295.0,373.0,314.0,119.0,228.0,
4,1999,120.0,119.0,399.0,726.0,664.0,295.0,373.0,313.0,,228.0,
5,1999,120.0,119.0,397.0,,664.0,292.0,358.0,,,174.0,154.0
6,1999,278.0,116.0,385.0,682.0,635.0,267.0,356.0,299.0,54.0,180.0,98.0
7,1999,142.0,117.0,412.0,674.0,656.0,263.0,341.0,299.0,54.0,169.0,9.0
8,1999,155.0,118.0,404.0,676.0,606.0,265.0,350.0,320.0,53.0,180.0,9.0
9,1999,132.0,115.0,427.0,,610.0,267.0,351.0,,65.0,183.0,64.0
10,1999,72.0,119.0,427.0,,640.0,270.0,379.0,,112.0,246.0,152.0
11,1999,72.0,119.0,427.0,696.0,661.0,278.0,383.0,,109.0,244.0,152.0
12,1999,93.0,119.0,427.0,700.0,660.0,297.0,385.0,312.0,106.0,242.0,152.0
1,2000,107.0,118.0,427.0,702.0,664.0,298.0,386.0,312.0,104.0,241.0,152.0
2,2000,107.0,115.0,427.0,706.0,644.0,300.0,388.0,311.0,102.0,239.0,150.0
3,2000,107.0,114.0,427.0,707.0,628.0,298.0,388.0,311.0,99.0,239.0,148.0
4,2000,53.0,112.0,427.0,,615.0,297.0,375.0,,79.0,231.0,146.0
5,2000,44.0,112.0,427.0,,618.0,283.0,359.0,,77.0,232.0,144.0
6,2000,44.0,110.0,409.0,701.0,615.0,267.0,343.0,,71.0,160.0,137.0
7,2000,49.0,86.0,375.0,701.0,611.0,267.0,351.0,292.0,44.0,162.0,68.0
8,2000,49.0,87.0,404.0,699.0,613.0,263.0,341.0,293.0,39.0,167.0,0.0
9,2000,46.0,97.0,412.0,699.0,665.0,263.0,363.0,275.0,64.0,178.0,1.0
10,2000,49.0,112.0,418.0,707.0,657.0,264.0,362.0,,,239.0,
11,2000,44.0,112.0,420.0,707.0,657.0,294.0,373.0,306.0,65.0,239.0,138.0
12,2000,46.0,112.0,420.0,707.0,644.0,299.0,375.0,306.0,68.0,239.0,138.0
1,2001,46.0,112.0,420.0,707.0,660.0,301.0,376.0,305.0,72.0,239.0,138.0
2,2001,34.0,112.0,420.0,707.0,666.0,302.0,376.0,304.0,75.0,239.0,138.0
3,2001,107.0,112.0,420.0,707.0,666.0,299.0,376.0,304.0,78.0,239.0,138.0
4,2001,107.0,112.0,420.0,707.0,664.0,288.0,376.0,303.0,78.0,239.0,138.0
5,2001,107.0,113.0,420.0,701.0,663.0,280.0,353.0,,,180.0,
6,2001,1.0,95.0,413.0,692.0,662.0,267.0,356.0,293.0,77.0,169.0,1.0
7,2001,0.0,86.0,375.0,692.0,604.0,267.0,351.0,295.0,2.0,161.0,0.0
8,2001,0.0,106.0,378.0,692.0,605.0,267.0,355.0,285.0,65.0,164.0,0.0
9,2001,0.0,110.0,394.0,686.0,621.0,268.0,359.0,,75.0,165.0,9.0
10,2001,0.0,,,,637.0,294.0,382.0,,75.0,238.0,
11,2001,0.0,113.0,425.0,,666.0,302.0,383.0,298.0,79.0,238.0,138.0
12,2001,0.0,113.0,425.0,707.0,666.0,302.0,385.0,298.0,79.0,238.0,138.0
1,2002,1.0,113.0,425.0,707.0,666.0,302.0,386.0,298.0,79.0,238.0,138.0
2,2002,0.0,113.0,425.0,707.0,670.0,302.0,388.0,299.0,79.0,238.0,138.0
3,2002,0.0,113.0,423.0,707.0,666.0,301.0,388.0,300.0,79.0,238.0,138.0
4,2002,0.0,113.0,399.0,707.0,687.0,300.0,353.0,,79.0,238.0,138.0
5,2002,0.0,,,,687.0,286.0,353.0,,73.0,223.0,
6,2002,0.0,113.0,395.0,,687.0,286.0,236.0,275.0,40.0,0.0,95.0
7,2002,0.0,95.0,379.0,704.0,655.0,254.0,343.0,256.0,20.0,169.0,9.0
8,2002,1120.0,106.0,377.0,692.0,656.0,247.0,347.0,293.0,20.0,173.0,0.0
9,2002,0.0,106.0,411.0,699.0,662.0,277.0,347.0,291.0,19.0,167.0,
10,2002,0.0,,425.0,,666.0,277.0,382.0,,,183.0,
11,2002,0.0,111.0,427.0,707.0,666.0,285.0,383.0,294.0,,230.0,135.0
12,2002,0.0,113.0,427.0,707.0,671.0,299.0,385.0,294.0,,232.0,136.0
1,2003,0.0,113.0,427.0,707.0,666.0,301.0,386.0,294.0,72.0,233.0,137.0
2,2003,0.0,113.0,427.0,707.0,666.0,302.0,388.0,294.0,69.0,234.0,137.0
3,2003,0.0,113.0,427.0,707.0,666.0,302.0,388.0,294.0,65.0,236.0,138.0
4,2003,0.0,113.0,427.0,706.0,665.0,302.0,378.0,294.0,59.0,238.0,
5,2003,0.0,,427.0,,663.0,282.0,377.0,,,219.0,
6,2003,0.0,105.0,396.0,695.0,663.0,267.0,343.0,295.0,,164.0,137.0
7,2003,0.0,108.0,359.0,706.0,657.0,267.0,347.0,294.0,,161.0,15.0
8,2003,0.0,113.0,383.0,706.0,660.0,265.0,341.0,277.0,34.0,143.0,9.0
9,2003,0.0,110.0,420.0,690.0,661.0,265.0,351.0,277.0,35.0,171.0,7.0
10,2003,0.0,,,,666.0,269.0,388.0,,,190.0,134.0
11,2003,0.0,,420.0,707.0,666.0,302.0,388.0,306.0,79.0,190.0,144.0
12,2003,0.0,112.0,419.0,707.0,736.0,302.0,388.0,306.0,79.0,190.0,145.0
1,2004,0.0,112.0,417.0,707.0,736.0,302.0,388.0,304.0,79.0,190.0,146.0
2,2004,0.0,112.0,414.0,707.0,736.0,302.0,387.0,303.0,79.0,190.0,146.0
3,2004,0.0,112.0,411.0,707.0,736.0,302.0,386.0,301.0,79.0,190.0,146.0
4,2004,0.0,112.0,408.0,707.0,728.0,289.0,378.0,300.0,79.0,220.0,147.0
5,2004,0.0,,,,729.0,288.0,378.0,,,198.0,147.0
6,2004,0.0,,360.0,700.0,665.0,288.0,334.0,294.0,79.0,124.0,138.0
7,2004,0.0,88.0,356.0,687.0,614.0,268.0,188.0,294.0,59.0,150.0,0.0
8,2004,0.0,89.0,377.0,688.0,604.0,268.0,343.0,290.0,37.0,177.0,3.0
9,2004,0.0,,400.0,702.0,647.0,268.0,341.0,291.0,77.0,178.0,7.0
10,2004,0.0,111.0,414.0,,659.0,274.0,365.0,,,195.0,
11,2004,0.0,111.0,414.0,707.0,641.0,294.0,365.0,305.0,79.0,215.0,136.0
12,2004,0.0,111.0,414.0,707.0,665.0,299.0,365.0,304.0,79.0,217.0,137.0
1,2005,0.0,111.0,414.0,707.0,666.0,301.0,365.0,302.0,79.0,219.0,137.0
2,2005,0.0,111.0,414.0,707.0,666.0,302.0,365.0,301.0,79.0,221.0,138.0
3,2005,0.0,111.0,414.0,707.0,666.0,302.0,363.0,299.0,79.0,221.0,138.0
4,2005,0.0,,413.0,707.0,666.0,289.0,378.0,298.0,79.0,221.0,138.0
5,2005,0.0,112.0,385.0,,603.0,282.0,359.0,,,212.0,
6,2005,0.0,106.0,391.0,706.0,615.0,267.0,341.0,295.0,51.0,119.0,138.0
7,2005,0.0,88.0,389.0,659.0,647.0,257.0,337.0,285.0,56.0,143.0,4.0
8,2005,0.0,90.0,377.0,697.0,659.0,251.0,345.0,291.0,59.0,149.0,3.0
9,2005,0.0,89.0,,680.0,659.0,271.0,340.0,,57.0,169.0,3.0
10,2005,0.0,111.0,427.0,,666.0,277.0,343.0,,61.0,190.0,1.0
11,2005,0.0,112.0,427.0,704.0,666.0,294.0,381.0,291.0,67.0,228.0,145.0
12,2005,0.0,112.0,427.0,706.0,666.0,299.0,383.0,291.0,71.0,230.0,146.0
1,2006,0.0,112.0,427.0,707.0,666.0,301.0,386.0,291.0,74.0,232.0,146.0
2,2006,0.0,112.0,427.0,707.0,666.0,302.0,386.0,291.0,78.0,233.0,146.0
3,2006,0.0,112.0,427.0,707.0,665.0,302.0,386.0,291.0,79.0,233.0,147.0
4,2006,0.0,112.0,,707.0,636.0,292.0,378.0,,79.0,220.0,147.0
5,2006,0.0,113.0,399.0,,643.0,294.0,378.0,,66.0,207.0,138.0
6,2006,0.0,106.0,391.0,697.0,635.0,267.0,341.0,286.0,57.0,147.0,129.0
7,2006,0.0,85.0,383.0,678.0,624.0,238.0,334.0,287.0,51.0,147.0,3.0
8,2006,0.0,108.0,400.0,674.0,623.0,235.0,335.0,293.0,47.0,143.0,3.0
9,2006,0.0,106.0,407.0,,615.0,251.0,345.0,,,149.0,3.0
10,2006,0.0,111.0,422.0,,659.0,274.0,345.0,,,190.0,58.0
11,2006,0.0,111.0,422.0,,659.0,286.0,345.0,295.0,79.0,190.0,134.0
12,2006,0.0,111.0,422.0,699.0,666.0,300.0,345.0,295.0,79.0,189.0,135.0
1,2007,0.0,111.0,419.0,701.0,666.0,300.0,345.0,295.0,79.0,188.0,136.0
2,2007,0.0,111.0,417.0,705.0,663.0,300.0,345.0,295.0,79.0,187.0,137.0
3,2007,0.0,111.0,414.0,706.0,663.0,297.0,345.0,295.0,79.0,0.0,137.0
4,2007,0.0,111.0,407.0,,663.0,282.0,378.0,,,238.0,138.0
5,2007,0.0,113.0,382.0,,626.0,267.0,350.0,,,172.0,136.0
6,2007,0.0,108.0,371.0,,627.0,261.0,324.0,283.0,47.0,153.0,135.0
7,2007,0.0,87.0,375.0,689.0,627.0,257.0,339.0,291.0,47.0,152.0,106.0
8,2007,0.0,113.0,369.0,694.0,627.0,262.0,337.0,293.0,50.0,149.0,1.0
9,2007,0.0,113.0,371.0,680.0,670.0,268.0,,290.0,44.0,150.0,
10,2007,0.0,,417.0,,666.0,275.0,,,,,71.0
11,2007,0.0,113.0,420.0,706.0,666.0,278.0,347.0,306.0,65.0,206.0,134.0
12,2007,0.0,113.0,423.0,707.0,666.0,301.0,347.0,305.0,66.0,208.0,134.0
1,2008,0.0,113.0,425.0,707.0,666.0,302.0,347.0,304.0,70.0,209.0,135.0
2,2008,0.0,113.0,428.0,707.0,664.0,302.0,347.0,302.0,73.0,211.0,136.0
3,2008,0.0,113.0,429.0,707.0,670.0,302.0,345.0,301.0,77.0,212.0,137.0
4,2008,0.0,113.0,429.0,707.0,627.0,296.0,,299.0,79.0,217.0,
5,2008,0.0,,390.0,,629.0,267.0,,,,,138.0
6,2008,0.0,97.0,377.0,700.0,631.0,267.0,349.0,295.0,77.0,158.0,138.0
7,2008,0.0,90.0,367.0,662.0,629.0,250.0,347.0,289.0,10.0,158.0,14.0
8,2008,0.0,85.0,365.0,674.0,619.0,264.0,347.0,291.0,2.0,162.0,3.0
9,2008,0.0,107.0,367.0,674.0,736.0,269.0,345.0,291.0,2.0,165.0,0.0
10,2008,0.0,110.0,417.0,707.0,736.0,291.0,368.0,,70.0,183.0,
11,2008,0.0,113.0,420.0,707.0,721.0,294.0,374.0,295.0,72.0,234.0,134.0
12,2008,0.0,113.0,423.0,707.0,721.0,296.0,378.0,297.0,72.0,235.0,134.0
1,2009,0.0,113.0,425.0,707.0,721.0,296.0,380.0,298.0,72.0,237.0,135.0
2,2009,0.0,113.0,428.0,706.0,721.0,296.0,382.0,299.0,72.0,238.0,136.0
3,2009,0.0,113.0,429.0,704.0,726.0,300.0,382.0,299.0,72.0,238.0,137.0
4,2009,0.0,113.0,429.0,701.0,726.0,287.0,378.0,299.0,72.0,233.0,137.0
5,2009,0.0,107.0,425.0,701.0,723.0,277.0,341.0,,57.0,180.0,
6,2009,0.0,106.0,377.0,676.0,707.0,260.0,347.0,306.0,53.0,146.0,128.0
7,2009,0.0,92.0,362.0,673.0,688.0,250.0,337.0,293.0,24.0,148.0,50.0
8,2009,0.0,93.0,359.0,672.0,690.0,251.0,337.0,289.0,24.0,133.0,1.0
9,2009,0.0,,405.0,,687.0,256.0,358.0,303.0,24.0,149.0,3.0
10,2009,0.0,98.0,375.0,700.0,685.0,282.0,368.0,,,174.0,129.0
11,2009,0.0,101.0,375.0,702.0,735.0,300.0,371.0,301.0,61.0,217.0,134.0
12,2009,0.0,104.0,375.0,705.0,736.0,301.0,373.0,303.0,61.0,221.0,134.0
1,2010,0.0,105.0,375.0,705.0,734.0,301.0,377.0,304.0,61.0,224.0,135.0
2,2010,0.0,108.0,375.0,705.0,736.0,301.0,379.0,306.0,61.0,225.0,136.0
3,2010,0.0,109.0,375.0,705.0,735.0,304.0,379.0,306.0,61.0,225.0,137.0
4,2010,0.0,,375.0,,686.0,282.0,378.0,306.0,57.0,223.0,137.0
5,2010,0.0,113.0,363.0,706.0,687.0,275.0,381.0,,,209.0,137.0
6,2010,0.0,89.0,337.0,663.0,690.0,260.0,341.0,276.0,38.0,164.0,91.0
7,2010,0.0,92.0,333.0,671.0,690.0,259.0,353.0,282.0,,158.0,0.0
8,2010,0.0,99.0,331.0,676.0,678.0,264.0,351.0,285.0,,158.0,
9,2010,0.0,102.0,368.0,,682.0,268.0,351.0,275.0,,200.0,
10,2010,0.0,,419.0,,683.0,272.0,349.0,,,234.0,143.0
11,2010,1.0,113.0,425.0,673.0,682.0,271.0,376.0,306.0,74.0,238.0,144.0
12,2010,0.0,113.0,427.0,673.0,728.0,300.0,378.0,306.0,77.0,239.0,145.0
1,2011,0.0,113.0,427.0,673.0,728.0,302.0,381.0,306.0,77.0,239.0,146.0
2,2011,0.0,113.0,427.0,673.0,728.0,302.0,383.0,306.0,,239.0,146.0
3,2011,0.0,113.0,427.0,673.0,726.0,295.0,386.0,306.0,,239.0,
4,2011,0.0,113.0,427.0,,681.0,289.0,388.0,306.0,,236.0,
5,2011,0.0,,414.0,,682.0,267.0,386.0,,,233.0,147.0
6,2011,0.0,101.0,385.0,668.0,683.0,264.0,341.0,294.0,39.0,167.0,123.0
7,2011,0.0,90.0,375.0,687.0,694.0,254.0,336.0,291.0,7.0,146.0,122.0
8,2011,0.0,88.0,375.0,687.0,699.0,263.0,337.0,295.0,9.0,147.0,3.0
9,2011,0.0,111.0,375.0,702.0,697.0,282.0,339.0,295.0,9.0,153.0,
10,2011,0.0,113.0,,,710.0,277.0,388.0,,,177.0,144.0
11,2011,0.0,113.0,425.0,706.0,728.0,286.0,388.0,294.0,,220.0,145.0
12,2011,0.0,113.0,425.0,706.0,725.0,302.0,388.0,294.0,,224.0,146.0
1,2012,0.0,113.0,425.0,706.0,722.0,302.0,388.0,294.0,72.0,226.0,146.0
2,2012,0.0,111.0,425.0,706.0,719.0,302.0,388.0,294.0,70.0,230.0,146.0
3,2012,0.0,109.0,425.0,706.0,706.0,289.0,386.0,294.0,67.0,233.0,147.0
4,2012,0.0,108.0,425.0,706.0,693.0,256.0,386.0,294.0,65.0,211.0,
5,2012,0.0,108.0,,,693.0,252.0,353.0,,,198.0,139.0
6,2012,0.0,83.0,353.0,668.0,694.0,248.0,341.0,291.0,,153.0,14.0
7,2012,0.0,83.0,334.0,670.0,687.0,238.0,328.0,291.0,,107.0,0.0
8,2012,0.0,85.0,327.0,679.0,685.0,252.0,337.0,291.0,30.0,138.0,2.0
9,2012,0.0,110.0,336.0,679.0,688.0,250.0,337.0,291.0,33.0,167.0,
10,2012,0.0,,,,690.0,277.0,365.0,,,169.0,117.0
11,2012,0.0,111.0,367.0,,713.0,286.0,367.0,294.0,,230.0,135.0
12,2012,0.0,110.0,370.0,,718.0,297.0,370.0,294.0,79.0,233.0,136.0
1,2013,0.0,109.0,372.0,682.0,727.0,297.0,373.0,296.0,79.0,236.0,137.0
2,2013,0.0,109.0,375.0,682.0,724.0,297.0,373.0,298.0,79.0,239.0,137.0
3,2013,0.0,109.0,377.0,682.0,716.0,296.0,373.0,298.0,79.0,239.0,138.0
4,2013,0.0,108.0,377.0,682.0,716.0,289.0,386.0,299.0,79.0,238.0,
5,2013,0.0,,,,688.0,282.0,345.0,,,238.0,138.0
6,2013,0.0,91.0,377.0,,688.0,258.0,334.0,291.0,,175.0,138.0
7,2013,0.0,112.0,371.0,,695.0,254.0,339.0,293.0,49.0,178.0,2.0
8,2013,0.0,92.0,371.0,704.0,694.0,252.0,363.0,295.0,6.0,178.0,2.0
9,2013,0.0,93.0,375.0,701.0,711.0,251.0,363.0,299.0,6.0,164.0,30.0
10,2013,0.0,,,,721.0,278.0,363.0,,,184.0,
11,2013,0.0,111.0,418.0,,721.0,294.0,377.0,299.0,78.0,228.0,
12,2013,0.0,111.0,418.0,707.0,721.0,299.0,379.0,299.0,79.0,232.0,138.0
1,2014,0.0,111.0,418.0,707.0,734.0,299.0,382.0,299.0,79.0,234.0,138.0
2,2014,0.0,111.0,418.0,707.0,736.0,299.0,384.0,299.0,79.0,238.0,138.0
3,2014,0.0,111.0,418.0,707.0,736.0,301.0,386.0,299.0,79.0,239.0,138.0
4,2014,0.0,111.0,418.0,707.0,719.0,297.0,386.0,299.0,79.0,239.0,138.0
5,2014,0.0,,,,717.0,285.0,378.0,,,223.0,
6,2014,0.0,111.0,375.0,,694.0,283.0,340.0,299.0,78.0,196.0,
7,2014,0.0,113.0,309.0,670.0,697.0,268.0,337.0,293.0,40.0,173.0,77.0
8,2014,0.0,111.0,310.0,668.0,697.0,274.0,339.0,275.0,39.0,178.0,0.0
9,2014,0.0,111.0,375.0,,728.0,277.0,365.0,237.0,37.0,178.0,2.0
10,2014,0.0,113.0,415.0,,711.0,277.0,386.0,,,236.0,
11,2014,0.0,113.0,421.0,697.0,718.0,294.0,386.0,293.0,68.0,239.0,134.0
12,2014,0.0,113.0,425.0,700.0,723.0,294.0,386.0,294.0,71.0,239.0,134.0
1,2015,0.0,113.0,427.0,701.0,723.0,294.0,386.0,295.0,73.0,239.0,135.0
2,2015,0.0,113.0,427.0,704.0,728.0,294.0,386.0,297.0,76.0,239.0,136.0
3,2015,0.0,113.0,427.0,706.0,728.0,293.0,385.0,298.0,78.0,239.0,137.0
4,2015,0.0,112.0,427.0,,725.0,289.0,378.0,299.0,79.0,238.0,137.0
5,2015,0.0,112.0,396.0,,721.0,277.0,373.0,,,234.0,
6,2015,0.0,106.0,371.0,695.0,703.0,250.0,353.0,299.0,56.0,152.0,138.0
7,2015,0.0,88.0,371.0,695.0,704.0,254.0,353.0,291.0,35.0,143.0,120.0
8,2015,0.0,75.0,328.0,706.0,700.0,274.0,353.0,301.0,47.0,178.0,7.0
9,2015,0.0,110.0,371.0,697.0,700.0,276.0,351.0,,,178.0,6.0
10,2015,0.0,120.0,373.0,,717.0,276.0,381.0,,,224.0,27.0
11,2015,0.0,120.0,382.0,718.0,744.0,276.0,382.0,297.0,,232.0,146.0
12,2015,0.0,120.0,384.0,721.0,750.0,296.0,386.0,298.0,54.0,234.0,146.0
1,2016,0.0,120.0,387.0,723.0,751.0,296.0,389.0,299.0,54.0,238.0,147.0
2,2016,0.0,120.0,391.0,726.0,751.0,296.0,390.0,300.0,54.0,240.0,148.0
3,2016,0.0,120.0,391.0,726.0,750.0,296.0,390.0,300.0,54.0,243.0,148.0
4,2016,0.0,120.0,391.0,726.0,744.0,287.0,378.0,,,239.0,148.0
5,2016,0.0,119.0,394.0,,744.0,284.0,324.0,,,209.0,148.0
6,2016,0.0,90.0,371.0,694.0,757.0,256.0,328.0,300.0,,178.0,147.0
7,2016,0.0,97.0,375.0,688.0,749.0,251.0,328.0,291.0,50.0,150.0,0.0
8,2016,0.0,97.0,371.0,679.0,747.0,274.0,327.0,294.0,49.0,177.0,0.0
9,2016,0.0,110.0,,685.0,744.0,277.0,327.0,,47.0,174.0,
10,2016,0.0,,423.0,,737.0,277.0,375.0,,,177.0,22.0
11,2016,0.0,111.0,425.0,713.0,738.0,3.0,381.0,297.0,164.0,239.0,145.0
12,2016,0.0,111.0,428.0,715.0,738.0,295.0,383.0,298.0,166.0,242.0,146.0
1,2017,0.0,112.0,430.0,718.0,738.0,297.0,386.0,299.0,168.0,246.0,146.0
2,2017,0.0,112.0,434.0,721.0,738.0,299.0,390.0,299.0,171.0,250.0,146.0
3,2017,0.0,113.0,434.0,723.0,741.0,301.0,391.0,299.0,172.0,251.0,147.0
4,2017,0.0,113.0,,723.0,737.0,286.0,391.0,,175.0,239.0,
5,2017,0.0,,427.0,,741.0,277.0,365.0,,,215.0,148.0
6,2017,0.0,116.0,395.0,676.0,741.0,256.0,335.0,299.0,42.0,153.0,138.0
7,2017,0.0,92.0,375.0,671.0,975.0,255.0,339.0,299.0,49.0,165.0,50.0
8,2017,0.0,93.0,371.0,680.0,753.0,274.0,340.0,294.0,49.0,136.0,3.0
9,2017,0.0,103.0,430.0,683.0,1315.0,277.0,341.0,,,178.0,23.0
10,2017,0.0,,,,765.0,277.0,341.0,,,183.0,34.0
11,2017,0.0,117.0,425.0,712.0,765.0,294.0,368.0,295.0,197.0,242.0,149.0
12,2017,0.0,118.0,426.0,713.0,766.0,301.0,372.0,297.0,199.0,246.0,150.0
1,2018,0.0,118.0,428.0,715.0,766.0,301.0,374.0,298.0,200.0,250.0,152.0
2,2018,0.0,119.0,429.0,718.0,766.0,301.0,378.0,299.0,202.0,250.0,154.0
3,2018,0.0,119.0,432.0,721.0,766.0,301.0,393.0,300.0,203.0,250.0,154.0
4,2018,0.0,119.0,434.0,723.0,836.0,297.0,378.0,,,241.0,148.0
5,2018,0.0,,,,727.0,277.0,378.0,,,217.0,148.0
6,2018,0.0,108.0,412.0,694.0,734.0,276.0,330.0,299.0,48.0,178.0,148.0
7,2018,0.0,105.0,371.0,638.0,731.0,276.0,336.0,291.0,47.0,165.0,63.0
8,2018,0.0,90.0,338.0,638.0,717.0,251.0,378.0,53.0,37.0,173.0,0.0
9,2018,0.0,,,,713.0,277.0,367.0,,,169.0,
10,2018,0.0,,,,745.0,285.0,368.0,,,187.0,44.0
11,2018,0.0,127.0,430.0,702.0,745.0,294.0,381.0,312.0,163.0,243.0,141.0
12,2018,0.0,127.0,433.0,705.0,745.0,296.0,383.0,313.0,165.0,247.0,143.0
1,2019,0.0,127.0,434.0,706.0,715.0,299.0,386.0,315.0,167.0,250.0,144.0
2,2019,0.0,128.0,437.0,707.0,773.0,302.0,390.0,316.0,170.0,254.0,146.0
3,2019,0.0,129.0,437.0,707.0,779.0,302.0,390.0,317.0,170.0,254.0,146.0
4,2019,0.0,,,,717.0,297.0,390.0,,,238.0,
5,2019,0.0,,,,717.0,285.0,368.0,,,238.0,148.0
6,2019,0.0,88.0,428.0,700.0,721.0,268.0,356.0,300.0,42.0,180.0,148.0
7,2019,0.0,106.0,375.0,674.0,723.0,274.0,356.0,304.0,63.0,169.0,107.0
8,2019,0.0,105.0,375.0,679.0,729.0,274.0,327.0,301.0,,169.0,7.0
9,2019,0.0,,,,728.0,277.0,329.0,,,182.0,
10,2019,0.0,,417.0,,725.0,277.0,365.0,,,184.0,146.0
11,2019,0.0,126.0,427.0,688.0,743.0,296.0,371.0,325.0,127.0,239.0,148.0
12,2019,0.0,127.0,429.0,688.0,743.0,299.0,373.0,325.0,127.0,242.0,149.0
1,2020,0.0,127.0,430.0,688.0,740.0,301.0,377.0,328.0,127.0,246.0,150.0
2,2020,0.0,127.0,433.0,688.0,714.0,301.0,379.0,328.0,127.0,250.0,152.0
3,2020,0.0,128.0,433.0,688.0,721.0,301.0,381.0,328.0,,253.0,154.0
4,2020,0.0,,,,698.0,289.0,381.0,,,253.0,
5,2020,0.0,,427.0,,698.0,278.0,373.0,,,238.0,148.0
6,2020,0.0,106.0,394.0,676.0,694.0,274.0,333.0,298.0,111.0,180.0,138.0
7,2020,0.0,88.0,391.0,730.0,700.0,274.0,328.0,299.0,3.0,167.0,2.0
8,2020,0.0,108.0,371.0,,864.0,274.0,328.0,300.0,37.0,167.0,0.0
9,2020,0.0,,,,911.0,276.0,327.0,,,167.0,3.0
10,2020,0.0,,,,911.0,277.0,,,,,
11,2020,0.0,,,,,,,,,,
12,2020,0.0,,,,,,,,,,
