Month,Year,800798,719117,712226,670013,711595,668406,711557,713323,733488,712771,676738,735328,670035,667997,713306,412025,671115,465532,667988
3,1984,,,,,,,,,,,,,,,,,,,
4,1984,,,,,,,,,,,,,,,,,,,
5,1984,,,,,,,,,,,,,,,,,,,
6,1984,,,3601.0,,,,,,,490.0,,,,,,,,129.0,
7,1984,1954.0,,3600.0,,,467.0,,,300.0,490.0,,1268.0,577.0,,,,184.0,128.0,
8,1984,1951.0,,,,,,,,301.0,,,1268.0,,,,,184.0,128.0,
9,1984,1968.0,,3621.0,,,,,,308.0,484.0,,1331.0,,,,,,,
10,1984,1968.0,,3623.0,,,,,,308.0,482.0,,1331.0,,,,,,,
11,1984,1968.0,,3627.0,,,,,,,481.0,1264.0,,,,,,172.0,,
12,1984,1968.0,,3627.0,,438.0,451.0,300.0,,308.0,480.0,1267.0,1337.0,580.0,,,,175.0,118.0,
1,1985,1968.0,,3627.0,,438.0,453.0,300.0,,308.0,479.0,1268.0,1337.0,580.0,,,,177.0,120.0,
2,1985,1967.0,,3627.0,87.0,,454.0,,,308.0,478.0,1271.0,1337.0,580.0,530.0,,213.0,180.0,120.0,76.0
3,1985,1965.0,,,,,,,,308.0,,,1335.0,,,,213.0,182.0,122.0,
4,1985,1958.0,,3627.0,,,,,,308.0,433.0,,1333.0,,,,213.0,,,
5,1985,1956.0,,3627.0,,,,,,306.0,458.0,,1309.0,,,,,,,
6,1985,1931.0,,3627.0,,,,,,,459.0,1271.0,,,,,,185.0,,
7,1985,1925.0,,3627.0,,435.0,451.0,300.0,,303.0,459.0,1253.0,1290.0,575.0,,,,185.0,127.0,
8,1985,1916.0,,3627.0,,435.0,,300.0,,299.0,459.0,1253.0,1289.0,507.0,,,,,,
9,1985,1964.0,85.0,3627.0,,439.0,,301.0,289.0,308.0,427.0,,1311.0,577.0,,,,,,
10,1985,1964.0,,3627.0,,,,,,306.0,462.0,1335.0,1315.0,,,,,,,
11,1985,1964.0,85.0,3627.0,,,,,,,464.0,1338.0,1329.0,,,,226.0,,129.0,
12,1985,1964.0,81.0,3627.0,,,,,293.0,308.0,465.0,1338.0,1333.0,580.0,,,227.0,180.0,129.0,
1,1986,1964.0,77.0,3627.0,85.0,438.0,462.0,,293.0,308.0,467.0,1339.0,1337.0,580.0,,180.0,228.0,181.0,129.0,76.0
2,1986,1964.0,74.0,3627.0,85.0,438.0,462.0,303.0,293.0,308.0,468.0,1339.0,1337.0,580.0,,181.0,228.0,181.0,129.0,76.0
3,1986,1964.0,71.0,3627.0,,438.0,,303.0,293.0,308.0,469.0,1340.0,1337.0,580.0,,182.0,229.0,,,
4,1986,1964.0,67.0,3627.0,,438.0,,303.0,293.0,308.0,471.0,,1337.0,580.0,,,,,,
5,1986,1955.0,,3626.0,,,,,,308.0,482.0,1267.0,1337.0,,,,,,,
6,1986,1955.0,60.0,3621.0,,,,,,,486.0,1254.0,1302.0,,,,231.0,,121.0,
7,1986,1960.0,87.0,3621.0,,,,,293.0,306.0,488.0,1258.0,1296.0,580.0,,,231.0,180.0,127.0,
8,1986,1962.0,87.0,3544.0,,433.0,,,294.0,308.0,489.0,881.0,1296.0,533.0,,169.0,,182.0,,74.0
9,1986,1962.0,87.0,3616.0,,432.0,,,287.0,306.0,476.0,1339.0,1295.0,127.0,,158.0,,183.0,,71.0
10,1986,1964.0,,3616.0,,,,,,306.0,463.0,1340.0,1320.0,,,,,,,
11,1986,1964.0,,3622.0,,,,,,304.0,465.0,1340.0,1318.0,,,,,,129.0,
12,1986,1964.0,87.0,3622.0,,439.0,,303.0,294.0,304.0,465.0,1340.0,1318.0,580.0,,185.0,213.0,185.0,129.0,
1,1987,1964.0,87.0,3622.0,72.0,439.0,424.0,303.0,294.0,304.0,465.0,1340.0,1318.0,580.0,,185.0,213.0,185.0,129.0,76.0
2,1987,1964.0,87.0,3623.0,69.0,439.0,424.0,303.0,294.0,304.0,465.0,1340.0,1318.0,580.0,530.0,185.0,213.0,185.0,129.0,76.0
3,1987,1964.0,87.0,3623.0,,439.0,,303.0,294.0,304.0,465.0,1340.0,1318.0,580.0,530.0,185.0,,185.0,,76.0
4,1987,1964.0,87.0,3623.0,,439.0,,,294.0,304.0,465.0,1340.0,1315.0,580.0,,185.0,,185.0,,76.0
5,1987,1952.0,,3622.0,,,,,,303.0,485.0,1312.0,1268.0,,,,,,,
6,1987,1943.0,,3432.0,,,,,,303.0,485.0,1313.0,1271.0,,,,,,128.0,
7,1987,1943.0,87.0,3448.0,,437.0,,301.0,294.0,303.0,485.0,1313.0,1271.0,509.0,,158.0,212.0,184.0,129.0,
8,1987,1926.0,87.0,3448.0,77.0,425.0,416.0,300.0,290.0,304.0,463.0,1313.0,1296.0,510.0,,158.0,212.0,183.0,,73.0
9,1987,1925.0,,,74.0,424.0,424.0,303.0,288.0,,,1272.0,1333.0,510.0,530.0,165.0,211.0,181.0,,73.0
10,1987,1927.0,,3620.0,,,,,,,465.0,1340.0,1320.0,,,,,,,
11,1987,1927.0,74.0,3621.0,,,,,,308.0,468.0,1340.0,1324.0,,,,211.0,,,
12,1987,1927.0,72.0,3621.0,,431.0,447.0,303.0,,308.0,471.0,1340.0,1327.0,569.0,,118.0,212.0,186.0,130.0,
1,1988,1927.0,69.0,3622.0,85.0,433.0,449.0,303.0,292.0,308.0,472.0,1340.0,1330.0,570.0,,120.0,213.0,186.0,130.0,
2,1988,1927.0,67.0,3622.0,85.0,435.0,452.0,303.0,292.0,308.0,474.0,1340.0,1333.0,571.0,530.0,122.0,213.0,186.0,130.0,
3,1988,1927.0,64.0,3622.0,85.0,435.0,454.0,303.0,292.0,308.0,476.0,1340.0,1333.0,573.0,530.0,123.0,213.0,186.0,,75.0
4,1988,1927.0,,,85.0,435.0,457.0,303.0,292.0,,,1340.0,1310.0,576.0,530.0,125.0,213.0,186.0,,75.0
5,1988,1913.0,,3622.0,,,,,,,484.0,1261.0,1296.0,,,,,,,
6,1988,1913.0,81.0,3622.0,,,,,,302.0,485.0,1256.0,1293.0,,,,213.0,,,
7,1988,1913.0,87.0,3622.0,,435.0,460.0,303.0,,302.0,485.0,1256.0,1289.0,540.0,,171.0,231.0,186.0,126.0,
8,1988,1887.0,86.0,3378.0,85.0,435.0,394.0,303.0,290.0,302.0,474.0,1255.0,1292.0,426.0,,64.0,231.0,120.0,126.0,
9,1988,1922.0,86.0,3610.0,87.0,433.0,,303.0,283.0,303.0,,1340.0,1297.0,581.0,,61.0,,45.0,,
10,1988,1922.0,,3612.0,,,,,,,464.0,,1320.0,,,,,,,
11,1988,1922.0,64.0,3616.0,,,,,,308.0,467.0,,1329.0,,,,,,,
12,1988,1922.0,64.0,3617.0,,438.0,,,290.0,308.0,469.0,,1332.0,,,62.0,228.0,,130.0,
1,1989,1922.0,64.0,3619.0,85.0,438.0,454.0,303.0,290.0,308.0,471.0,1340.0,1332.0,570.0,,62.0,226.0,163.0,130.0,74.0
2,1989,1922.0,64.0,3620.0,85.0,438.0,457.0,303.0,290.0,308.0,471.0,1339.0,1332.0,571.0,,62.0,225.0,164.0,130.0,74.0
3,1989,1922.0,63.0,3620.0,85.0,438.0,460.0,303.0,290.0,308.0,471.0,1338.0,1331.0,571.0,,61.0,224.0,164.0,130.0,74.0
4,1989,1919.0,56.0,3620.0,85.0,438.0,,303.0,290.0,308.0,,1338.0,1330.0,572.0,,60.0,,165.0,,74.0
5,1989,1862.0,,3595.0,,,,,,,484.0,,1324.0,,,,,,,
6,1989,1826.0,57.0,3597.0,,,,,,300.0,480.0,,1296.0,,,,,,,
7,1989,1816.0,87.0,3597.0,,435.0,,,290.0,299.0,476.0,,1296.0,,,53.0,212.0,,130.0,
8,1989,1813.0,87.0,3597.0,91.0,435.0,451.0,298.0,290.0,300.0,474.0,1258.0,1293.0,548.0,,31.0,212.0,185.0,130.0,71.0
9,1989,1813.0,73.0,3594.0,,,451.0,296.0,269.0,302.0,470.0,1340.0,1294.0,486.0,,50.0,,,130.0,76.0
10,1989,1842.0,,3615.0,,,,,,302.0,468.0,,1332.0,,,,,,,
11,1989,1843.0,,3616.0,,,,,,302.0,468.0,1340.0,1332.0,,,,,,130.0,
12,1989,1843.0,70.0,3617.0,,,,,275.0,302.0,468.0,1340.0,1333.0,580.0,,119.0,,180.0,130.0,
1,1990,1842.0,70.0,3619.0,,,,,275.0,302.0,467.0,1340.0,1333.0,580.0,,121.0,212.0,180.0,130.0,
2,1990,1841.0,70.0,3620.0,85.0,437.0,427.0,301.0,275.0,302.0,465.0,1340.0,1333.0,579.0,,123.0,212.0,180.0,130.0,
3,1990,1840.0,70.0,3620.0,85.0,437.0,428.0,301.0,275.0,302.0,458.0,1340.0,1333.0,578.0,530.0,124.0,212.0,183.0,130.0,76.0
4,1990,1840.0,70.0,3619.0,,,429.0,301.0,275.0,302.0,475.0,1340.0,1333.0,577.0,530.0,125.0,,,130.0,76.0
5,1990,1838.0,,3620.0,,,,,,302.0,486.0,,1309.0,,,,,,,
6,1990,1805.0,,3620.0,,,,,,301.0,486.0,1296.0,1296.0,,,,,,130.0,
7,1990,1801.0,83.0,3376.0,,,,,272.0,301.0,485.0,1262.0,1295.0,570.0,,57.0,,185.0,127.0,
8,1990,1790.0,80.0,3372.0,,,,,265.0,305.0,484.0,1264.0,1295.0,523.0,,47.0,212.0,,127.0,
9,1990,1787.0,73.0,3376.0,,437.0,,300.0,271.0,306.0,489.0,,1295.0,457.0,,63.0,230.0,,,
10,1990,1787.0,,,,,,,,,,1340.0,1318.0,,,,,,,
11,1990,1787.0,,,,,,,,,,1340.0,1334.0,,,,,,,
12,1990,1787.0,75.0,,,,,,281.0,308.0,,1340.0,1335.0,580.0,,172.0,,184.0,127.0,
1,1991,1787.0,76.0,3549.0,88.0,439.0,457.0,303.0,283.0,308.0,490.0,1340.0,1336.0,580.0,,176.0,231.0,184.0,127.0,
2,1991,1787.0,77.0,3547.0,90.0,439.0,458.0,303.0,283.0,308.0,490.0,1340.0,1337.0,580.0,,178.0,231.0,184.0,127.0,76.0
3,1991,1786.0,78.0,3546.0,90.0,439.0,459.0,303.0,283.0,308.0,490.0,1340.0,1337.0,580.0,,181.0,231.0,,127.0,76.0
4,1991,1785.0,79.0,3545.0,,439.0,,303.0,283.0,308.0,490.0,,1337.0,580.0,,185.0,231.0,,,
5,1991,1784.0,,,,,,,,,,1340.0,1334.0,,,,,,,
6,1991,1783.0,,,,,,,,,,1340.0,1293.0,,,,,,,
7,1991,1770.0,87.0,,,,,,283.0,308.0,,1340.0,1296.0,571.0,,151.0,,186.0,127.0,
8,1991,1770.0,87.0,3388.0,85.0,439.0,424.0,303.0,283.0,301.0,490.0,1338.0,1296.0,494.0,,158.0,210.0,186.0,127.0,
9,1991,1776.0,87.0,3332.0,,439.0,424.0,,274.0,305.0,489.0,146.0,1299.0,,,180.0,213.0,160.0,,73.0
10,1991,1776.0,,,,,,,,,,1312.0,,,,,,,,
11,1991,1776.0,86.0,3359.0,,,,,,308.0,,1312.0,1318.0,,,,,,,
12,1991,1775.0,85.0,3360.0,,439.0,446.0,300.0,,308.0,,1312.0,1317.0,574.0,,166.0,,169.0,129.0,
1,1992,1774.0,84.0,3362.0,90.0,439.0,447.0,300.0,278.0,308.0,471.0,1312.0,1316.0,575.0,,169.0,,173.0,129.0,
2,1992,1773.0,83.0,3365.0,90.0,439.0,447.0,300.0,278.0,308.0,471.0,1312.0,1315.0,576.0,,172.0,,177.0,129.0,
3,1992,1772.0,82.0,3368.0,90.0,439.0,448.0,300.0,278.0,308.0,471.0,1312.0,1314.0,577.0,530.0,176.0,213.0,180.0,129.0,71.0
4,1992,1771.0,81.0,3372.0,,439.0,449.0,,278.0,308.0,471.0,1312.0,1313.0,,530.0,178.0,213.0,183.0,,71.0
5,1992,1753.0,,,,,,,,,,1312.0,,,,,,,,
6,1992,1749.0,72.0,3370.0,,,,,,306.0,,1259.0,1265.0,,,,,,,
7,1992,1751.0,87.0,3366.0,,435.0,455.0,300.0,,308.0,,1259.0,1264.0,534.0,,182.0,,186.0,118.0,
8,1992,1771.0,86.0,3345.0,85.0,437.0,,300.0,282.0,306.0,444.0,1259.0,1265.0,517.0,,181.0,,184.0,121.0,
9,1992,1772.0,,3345.0,83.0,437.0,,300.0,,305.0,444.0,1338.0,1266.0,499.0,,,,140.0,127.0,
10,1992,1772.0,,,,,,,,306.0,,1339.0,1318.0,,,,,,,
11,1992,1772.0,,,,,,,,,,1339.0,1334.0,,,,,,,
12,1992,1772.0,74.0,3484.0,,,,303.0,284.0,308.0,,1339.0,1335.0,543.0,,185.0,,171.0,130.0,
1,1993,1772.0,74.0,3487.0,91.0,437.0,,303.0,285.0,308.0,,1339.0,1336.0,545.0,,185.0,,175.0,130.0,
2,1993,1772.0,74.0,3489.0,91.0,437.0,429.0,303.0,287.0,308.0,476.0,1339.0,1337.0,545.0,,185.0,213.0,178.0,130.0,
3,1993,1772.0,74.0,3489.0,91.0,437.0,,303.0,289.0,308.0,479.0,1339.0,1337.0,546.0,530.0,185.0,213.0,181.0,130.0,71.0
4,1993,1772.0,,3489.0,91.0,437.0,,303.0,,308.0,482.0,1339.0,1337.0,547.0,,,,185.0,130.0,
5,1993,1772.0,,,,,,,,308.0,,1335.0,1329.0,,,,,,,
6,1993,1769.0,,,,,,,,,,1314.0,1268.0,,,,,,,
7,1993,1767.0,87.0,3384.0,,,,303.0,295.0,305.0,,1314.0,1273.0,536.0,,185.0,,186.0,129.0,
8,1993,1764.0,87.0,3364.0,90.0,431.0,,,293.0,300.0,,1264.0,1289.0,535.0,,185.0,,186.0,126.0,
9,1993,1772.0,,3361.0,77.0,439.0,358.0,,294.0,308.0,467.0,1337.0,1296.0,489.0,,185.0,,,127.0,
10,1993,1771.0,,3615.0,,,,,,308.0,467.0,,1315.0,,,,,,,
11,1993,1771.0,85.0,3617.0,,,,,,,468.0,,1321.0,,,,,166.0,,
12,1993,1791.0,84.0,3620.0,,439.0,,298.0,295.0,308.0,468.0,,1321.0,537.0,,185.0,220.0,169.0,,
1,1994,1792.0,83.0,3621.0,85.0,439.0,439.0,298.0,295.0,308.0,468.0,1338.0,1321.0,539.0,,185.0,223.0,173.0,130.0,75.0
2,1994,1793.0,82.0,3621.0,85.0,439.0,440.0,298.0,295.0,308.0,468.0,1338.0,1321.0,540.0,530.0,185.0,224.0,177.0,130.0,76.0
3,1994,1794.0,81.0,3621.0,85.0,439.0,440.0,,295.0,308.0,468.0,1338.0,1321.0,542.0,530.0,185.0,226.0,180.0,130.0,76.0
4,1994,1795.0,,3621.0,85.0,439.0,440.0,,295.0,308.0,475.0,1338.0,1321.0,544.0,530.0,185.0,,,130.0,76.0
5,1994,1795.0,,3362.0,,,,,,308.0,477.0,,1300.0,,,,,,,
6,1994,1795.0,80.0,3354.0,,,,,,,480.0,,1264.0,,,,,185.0,,
7,1994,1793.0,87.0,3336.0,,437.0,,298.0,294.0,303.0,483.0,,1266.0,533.0,,185.0,230.0,186.0,,
8,1994,1777.0,74.0,3330.0,84.0,431.0,390.0,300.0,294.0,299.0,474.0,1311.0,1258.0,441.0,,183.0,212.0,48.0,129.0,73.0
9,1994,1791.0,60.0,3328.0,87.0,439.0,,303.0,290.0,308.0,465.0,1311.0,1333.0,510.0,,178.0,213.0,,37.0,
10,1994,1842.0,,3327.0,,,,,,,453.0,1307.0,,,,,,,,
11,1994,1842.0,,3602.0,,,,,,,460.0,1310.0,1320.0,,,,,,,
12,1994,1842.0,82.0,3605.0,,,476.0,,,,462.0,1312.0,1322.0,543.0,,,213.0,169.0,116.0,
1,1995,1842.0,83.0,3608.0,,439.0,477.0,303.0,294.0,308.0,465.0,1312.0,1324.0,545.0,,185.0,213.0,173.0,120.0,74.0
2,1995,1842.0,84.0,3608.0,87.0,439.0,478.0,303.0,294.0,308.0,467.0,1312.0,1326.0,545.0,530.0,185.0,213.0,177.0,121.0,74.0
3,1995,1842.0,85.0,3608.0,87.0,439.0,478.0,303.0,294.0,308.0,468.0,1312.0,1328.0,546.0,530.0,185.0,213.0,180.0,125.0,74.0
4,1995,1842.0,86.0,3608.0,87.0,439.0,,303.0,294.0,308.0,484.0,1312.0,1329.0,547.0,,185.0,213.0,,128.0,
5,1995,1842.0,,3388.0,,,,,,,484.0,1312.0,,,,,,,,
6,1995,1842.0,,3387.0,,,,,,,484.0,1312.0,1333.0,,,,,,,
7,1995,1863.0,87.0,3352.0,,,462.0,,,,483.0,1307.0,1332.0,575.0,,,213.0,185.0,129.0,
8,1995,1880.0,87.0,3350.0,,435.0,481.0,300.0,293.0,302.0,482.0,1340.0,1317.0,545.0,,185.0,211.0,,127.0,65.0
9,1995,1880.0,87.0,3350.0,,437.0,482.0,48.0,295.0,308.0,483.0,1340.0,1289.0,545.0,530.0,185.0,,,130.0,
10,1995,1909.0,,3379.0,,,,,,308.0,489.0,,1329.0,,,,,,,
11,1995,1967.0,87.0,3603.0,,,,,,,489.0,1340.0,1325.0,,,,,,,
12,1995,1975.0,87.0,3606.0,,,,,295.0,308.0,489.0,1340.0,1327.0,572.0,,185.0,213.0,186.0,130.0,
1,1996,1976.0,87.0,3608.0,90.0,437.0,482.0,301.0,295.0,308.0,489.0,1340.0,1329.0,573.0,,185.0,213.0,185.0,130.0,76.0
2,1996,1976.0,87.0,3608.0,90.0,437.0,482.0,301.0,295.0,308.0,489.0,1340.0,1331.0,575.0,,185.0,213.0,185.0,130.0,76.0
3,1996,1978.0,87.0,3608.0,90.0,437.0,482.0,301.0,295.0,308.0,489.0,1340.0,1337.0,577.0,530.0,185.0,213.0,,130.0,76.0
4,1996,1976.0,87.0,3608.0,,437.0,482.0,301.0,295.0,308.0,488.0,1340.0,1337.0,579.0,530.0,185.0,,,130.0,
5,1996,1976.0,,3605.0,,,,,,308.0,487.0,,1337.0,,,,,,,
6,1996,1930.0,87.0,3602.0,,,,,,,486.0,1338.0,1335.0,,,,,,,
7,1996,1941.0,87.0,3599.0,,,,,293.0,306.0,486.0,1337.0,1337.0,577.0,,185.0,213.0,185.0,129.0,
8,1996,1940.0,87.0,3354.0,90.0,419.0,440.0,300.0,293.0,305.0,475.0,1337.0,1333.0,523.0,,184.0,213.0,,130.0,73.0
9,1996,1936.0,87.0,3356.0,90.0,419.0,390.0,300.0,292.0,303.0,472.0,1312.0,1331.0,496.0,,185.0,,,129.0,76.0
10,1996,1938.0,,3358.0,,,,,,,,1307.0,1329.0,,,,,,,
11,1996,2022.0,82.0,3470.0,,,,,,291.0,,1328.0,1331.0,,,,,,,
12,1996,2022.0,81.0,3471.0,,,,,293.0,294.0,,1330.0,1333.0,573.0,,173.0,221.0,174.0,,
1,1997,2022.0,80.0,3473.0,,433.0,475.0,301.0,294.0,297.0,484.0,1333.0,1333.0,575.0,,177.0,223.0,177.0,,76.0
2,1997,2020.0,79.0,3475.0,91.0,434.0,474.0,301.0,294.0,299.0,485.0,1335.0,1333.0,577.0,530.0,178.0,224.0,179.0,129.0,76.0
3,1997,2019.0,78.0,3477.0,91.0,435.0,472.0,301.0,294.0,303.0,486.0,1337.0,1333.0,579.0,530.0,182.0,226.0,,129.0,76.0
4,1997,2012.0,77.0,3477.0,91.0,435.0,470.0,301.0,294.0,306.0,486.0,1338.0,1333.0,579.0,530.0,185.0,,,129.0,76.0
5,1997,2012.0,,3477.0,,,,,,,,1338.0,1329.0,,,,,,,
6,1997,2020.0,67.0,3473.0,,,,,,305.0,,1276.0,1298.0,,,,,,,
7,1997,2020.0,87.0,3354.0,,,,,294.0,305.0,,1258.0,1296.0,577.0,,176.0,,186.0,,
8,1997,2020.0,87.0,3356.0,,436.0,429.0,300.0,294.0,308.0,488.0,1262.0,1281.0,518.0,,178.0,,186.0,,74.0
9,1997,2019.0,87.0,3356.0,,427.0,,180.0,294.0,308.0,487.0,,1295.0,,,185.0,,186.0,130.0,
10,1997,2035.0,,3362.0,,,,,,,490.0,,,,,,,,,
11,1997,2046.0,81.0,3366.0,,,,,,,489.0,,1326.0,,,,219.0,,,
12,1997,2047.0,79.0,3366.0,,,,,295.0,,488.0,1340.0,1326.0,,,185.0,221.0,,130.0,
1,1998,2049.0,77.0,3366.0,87.0,438.0,453.0,303.0,295.0,305.0,487.0,1340.0,1326.0,580.0,,185.0,223.0,186.0,130.0,
2,1998,2051.0,75.0,3366.0,87.0,438.0,454.0,303.0,295.0,305.0,486.0,1340.0,1326.0,580.0,530.0,185.0,,186.0,130.0,71.0
3,1998,2051.0,74.0,3366.0,87.0,438.0,456.0,303.0,295.0,305.0,486.0,1340.0,1326.0,580.0,530.0,185.0,,186.0,130.0,71.0
4,1998,2051.0,73.0,3366.0,,438.0,,303.0,295.0,305.0,457.0,,1326.0,,,185.0,,186.0,130.0,
5,1998,2051.0,,3366.0,,,,,,,486.0,,,,,,,,,
6,1998,2054.0,70.0,3364.0,,,,,,,486.0,,1329.0,,,,229.0,,,
7,1998,2068.0,85.0,3336.0,,,,,294.0,,487.0,1263.0,1289.0,,,185.0,211.0,,127.0,
8,1998,2068.0,87.0,3225.0,85.0,425.0,442.0,300.0,,308.0,487.0,1269.0,1293.0,469.0,,,213.0,186.0,127.0,
9,1998,2068.0,87.0,,84.0,425.0,441.0,301.0,,299.0,,1278.0,1296.0,476.0,530.0,,,185.0,126.0,65.0
10,1998,2068.0,,3303.0,,,,,,305.0,471.0,1340.0,1333.0,,,,,,,
11,1998,2068.0,75.0,3306.0,,,,,,308.0,470.0,1340.0,1325.0,,,,,,,
12,1998,2074.0,74.0,3309.0,,,,,295.0,308.0,469.0,1340.0,1332.0,574.0,,185.0,223.0,185.0,129.0,
1,1999,2076.0,73.0,3313.0,91.0,438.0,453.0,303.0,295.0,308.0,468.0,1340.0,1334.0,576.0,,185.0,224.0,185.0,129.0,74.0
2,1999,2077.0,71.0,3316.0,91.0,438.0,454.0,303.0,295.0,308.0,468.0,1340.0,1335.0,578.0,,185.0,226.0,185.0,129.0,73.0
3,1999,2078.0,69.0,3317.0,91.0,438.0,456.0,303.0,,308.0,468.0,1340.0,1335.0,580.0,530.0,,228.0,185.0,129.0,72.0
4,1999,2078.0,56.0,,91.0,438.0,458.0,303.0,,308.0,,1340.0,1335.0,580.0,530.0,,,185.0,129.0,71.0
5,1999,2078.0,,3225.0,,,,,,308.0,447.0,1340.0,1335.0,,,,,,,
6,1999,2077.0,81.0,3214.0,,,,,,305.0,488.0,1340.0,1335.0,,,,,,,
7,1999,2077.0,89.0,3221.0,,,,,293.0,306.0,490.0,101.0,1293.0,573.0,,185.0,179.0,186.0,126.0,
8,1999,2077.0,89.0,3214.0,91.0,438.0,462.0,301.0,294.0,145.0,484.0,1274.0,1290.0,545.0,,183.0,210.0,185.0,126.0,75.0
9,1999,2077.0,85.0,3252.0,87.0,437.0,395.0,298.0,295.0,306.0,474.0,1338.0,1333.0,499.0,,183.0,211.0,,129.0,73.0
10,1999,2078.0,,3280.0,,,,,,308.0,458.0,,1331.0,,,,,,,
11,1999,2078.0,84.0,3299.0,,,,,294.0,,458.0,1340.0,1328.0,554.0,,169.0,,,,
12,1999,2078.0,83.0,3301.0,,437.0,452.0,303.0,294.0,308.0,459.0,1338.0,1326.0,555.0,,171.0,214.0,181.0,129.0,
1,2000,2078.0,81.0,3303.0,93.0,437.0,453.0,303.0,294.0,308.0,460.0,1337.0,1324.0,557.0,,174.0,216.0,181.0,129.0,76.0
2,2000,2078.0,79.0,3306.0,93.0,437.0,455.0,303.0,294.0,308.0,460.0,1335.0,1312.0,559.0,,177.0,218.0,181.0,129.0,76.0
3,2000,2077.0,77.0,3308.0,93.0,437.0,457.0,303.0,294.0,308.0,460.0,1334.0,1309.0,561.0,,178.0,220.0,181.0,129.0,76.0
4,2000,2077.0,61.0,3308.0,93.0,437.0,459.0,303.0,294.0,308.0,460.0,1331.0,1309.0,562.0,530.0,180.0,220.0,,129.0,76.0
5,2000,2077.0,,3214.0,,,,,,308.0,485.0,,1309.0,,,,,,,
6,2000,2075.0,89.0,3203.0,,,,,294.0,,486.0,1291.0,1309.0,565.0,,184.0,,,,
7,2000,2075.0,89.0,3201.0,,437.0,474.0,298.0,294.0,308.0,486.0,1293.0,1296.0,564.0,,178.0,189.0,182.0,129.0,
8,2000,2072.0,65.0,3195.0,93.0,437.0,449.0,301.0,295.0,305.0,474.0,1293.0,1292.0,549.0,,172.0,183.0,120.0,126.0,76.0
9,2000,2066.0,68.0,3260.0,93.0,439.0,401.0,301.0,295.0,306.0,458.0,1293.0,1306.0,548.0,,164.0,224.0,48.0,,76.0
10,2000,2066.0,64.0,3264.0,,,,,,308.0,458.0,1323.0,1306.0,,,,,,,
11,2000,2066.0,64.0,3280.0,,,,,,308.0,458.0,1323.0,1306.0,552.0,,,,172.0,129.0,
12,2000,2066.0,64.0,3282.0,,438.0,459.0,302.0,292.0,308.0,457.0,1323.0,1308.0,554.0,,184.0,224.0,175.0,129.0,
1,2001,2066.0,64.0,3285.0,93.0,438.0,461.0,303.0,292.0,308.0,456.0,1323.0,1309.0,554.0,,184.0,224.0,177.0,129.0,76.0
2,2001,2066.0,62.0,3286.0,93.0,438.0,463.0,303.0,292.0,308.0,455.0,1323.0,1309.0,554.0,530.0,184.0,224.0,180.0,129.0,76.0
3,2001,2066.0,61.0,3286.0,93.0,438.0,465.0,303.0,292.0,308.0,348.0,1323.0,1309.0,557.0,530.0,184.0,224.0,182.0,129.0,76.0
4,2001,2066.0,51.0,3286.0,93.0,438.0,466.0,303.0,292.0,308.0,362.0,1323.0,1309.0,561.0,530.0,184.0,224.0,182.0,,76.0
5,2001,2066.0,56.0,3222.0,,,,,,304.0,419.0,1278.0,1308.0,,,,,,,
6,2001,2064.0,73.0,3222.0,,,,,,306.0,439.0,1255.0,1296.0,565.0,,,,180.0,114.0,
7,2001,2060.0,89.0,3222.0,,437.0,466.0,301.0,285.0,306.0,439.0,1267.0,1293.0,565.0,,183.0,223.0,179.0,128.0,
8,2001,2060.0,87.0,3246.0,91.0,435.0,428.0,303.0,286.0,304.0,433.0,1315.0,1300.0,562.0,,184.0,214.0,113.0,127.0,74.0
9,2001,2060.0,67.0,,,437.0,394.0,303.0,284.0,306.0,,1311.0,1300.0,565.0,,184.0,217.0,98.0,129.0,73.0
10,2001,2061.0,,3298.0,,,,,,306.0,453.0,,1305.0,,,,,,,
11,2001,2061.0,67.0,3300.0,,,,,284.0,308.0,454.0,1319.0,1306.0,,,185.0,,,,
12,2001,2061.0,67.0,3301.0,,437.0,,303.0,284.0,308.0,455.0,1319.0,1308.0,549.0,,185.0,,167.0,126.0,
1,2002,2061.0,67.0,3303.0,85.0,437.0,467.0,303.0,285.0,308.0,456.0,1319.0,1308.0,551.0,,185.0,,169.0,123.0,76.0
2,2002,2061.0,67.0,3305.0,86.0,437.0,468.0,303.0,285.0,308.0,457.0,1319.0,1308.0,555.0,530.0,185.0,216.0,172.0,120.0,76.0
3,2002,2061.0,67.0,3308.0,87.0,437.0,470.0,303.0,285.0,308.0,457.0,1319.0,1308.0,558.0,530.0,185.0,214.0,175.0,120.0,76.0
4,2002,2056.0,65.0,,,437.0,471.0,303.0,285.0,308.0,,1319.0,1308.0,562.0,,185.0,213.0,177.0,117.0,76.0
5,2002,2047.0,,3245.0,,,,,,308.0,477.0,,1308.0,,,,,,,
6,2002,2048.0,61.0,3206.0,,,,,265.0,308.0,486.0,1319.0,1296.0,,,178.0,,,,
7,2002,2047.0,61.0,3204.0,,437.0,,303.0,244.0,306.0,486.0,1317.0,1296.0,565.0,,165.0,,181.0,126.0,
8,2002,2038.0,41.0,3195.0,90.0,438.0,474.0,301.0,241.0,306.0,486.0,1292.0,1300.0,498.0,,147.0,,134.0,128.0,71.0
9,2002,2040.0,36.0,3252.0,81.0,437.0,435.0,298.0,227.0,306.0,481.0,,1300.0,450.0,530.0,147.0,212.0,,129.0,69.0
10,2002,2053.0,,3286.0,,,,,,308.0,460.0,,1305.0,,,,,,,
11,2002,2053.0,38.0,3300.0,,,,,,,472.0,1315.0,1309.0,543.0,,,,181.0,129.0,
12,2002,2053.0,40.0,3303.0,,,466.0,,,308.0,472.0,1317.0,1309.0,545.0,,171.0,,181.0,129.0,
1,2003,2053.0,42.0,3304.0,91.0,439.0,467.0,303.0,280.0,308.0,472.0,1319.0,1309.0,547.0,530.0,174.0,,181.0,129.0,76.0
2,2003,2053.0,42.0,3307.0,91.0,439.0,468.0,303.0,280.0,308.0,473.0,1321.0,1309.0,549.0,530.0,177.0,212.0,181.0,129.0,76.0
3,2003,2052.0,42.0,3309.0,91.0,439.0,469.0,303.0,281.0,308.0,474.0,1323.0,1309.0,551.0,530.0,178.0,212.0,181.0,129.0,76.0
4,2003,2051.0,42.0,3312.0,91.0,438.0,470.0,303.0,281.0,306.0,474.0,,1309.0,554.0,530.0,180.0,212.0,,129.0,76.0
5,2003,2036.0,,3298.0,,,,,,305.0,474.0,,1309.0,,,,,,,
6,2003,2032.0,73.0,3229.0,,,,,,,483.0,1323.0,1296.0,565.0,,,,181.0,128.0,
7,2003,2031.0,89.0,3222.0,,,474.0,,,306.0,483.0,1321.0,1295.0,552.0,,183.0,,181.0,129.0,
8,2003,2032.0,87.0,3222.0,90.0,435.0,430.0,303.0,287.0,306.0,483.0,1323.0,1295.0,549.0,530.0,178.0,,130.0,129.0,74.0
9,2003,2028.0,79.0,3268.0,90.0,434.0,356.0,301.0,285.0,308.0,472.0,1312.0,1287.0,550.0,530.0,184.0,,132.0,,
10,2003,2058.0,67.0,3270.0,,,,,,308.0,472.0,1312.0,1295.0,,,,,,,
11,2003,2060.0,67.0,3290.0,,,,,276.0,308.0,471.0,1312.0,1308.0,,,185.0,,,,
12,2003,2060.0,67.0,3292.0,,,,,277.0,308.0,471.0,1312.0,1309.0,548.0,,185.0,221.0,128.0,129.0,
1,2004,2060.0,67.0,3295.0,91.0,437.0,384.0,303.0,278.0,308.0,471.0,1312.0,1309.0,549.0,,185.0,223.0,131.0,129.0,76.0
2,2004,2060.0,67.0,3298.0,91.0,437.0,386.0,303.0,279.0,308.0,470.0,1312.0,1309.0,551.0,530.0,185.0,223.0,133.0,129.0,76.0
3,2004,2060.0,65.0,3298.0,91.0,437.0,386.0,303.0,280.0,308.0,442.0,1312.0,1309.0,555.0,530.0,185.0,223.0,133.0,129.0,76.0
4,2004,2039.0,64.0,3276.0,91.0,437.0,387.0,303.0,280.0,308.0,438.0,1312.0,1309.0,558.0,530.0,185.0,,135.0,,
5,2004,2023.0,64.0,3276.0,,,,,,308.0,486.0,1312.0,1297.0,,,,,,,
6,2004,2016.0,70.0,3221.0,,,,,282.0,306.0,486.0,1312.0,1262.0,,,185.0,,,,
7,2004,2013.0,80.0,3221.0,,,,,283.0,308.0,486.0,1317.0,1266.0,566.0,,185.0,224.0,182.0,106.0,
8,2004,2009.0,80.0,3221.0,85.0,435.0,426.0,300.0,262.0,303.0,486.0,1317.0,1275.0,517.0,,185.0,224.0,156.0,129.0,74.0
9,2004,2006.0,76.0,3269.0,75.0,430.0,421.0,303.0,254.0,308.0,475.0,1315.0,1290.0,515.0,530.0,184.0,224.0,75.0,128.0,76.0
10,2004,2041.0,68.0,3285.0,,,,,,306.0,468.0,,1306.0,,,,,,,
11,2004,2047.0,68.0,3287.0,,,,,,,467.0,1323.0,1306.0,547.0,,,,,129.0,
12,2004,2047.0,68.0,3288.0,,,462.0,303.0,291.0,308.0,466.0,1323.0,1306.0,548.0,,185.0,223.0,149.0,129.0,
1,2005,2047.0,67.0,3290.0,85.0,438.0,464.0,303.0,292.0,308.0,465.0,1323.0,1306.0,551.0,,185.0,222.0,152.0,129.0,76.0
2,2005,2047.0,65.0,3290.0,87.0,438.0,465.0,303.0,293.0,308.0,465.0,1323.0,1306.0,553.0,530.0,185.0,220.0,155.0,129.0,76.0
3,2005,2047.0,64.0,3290.0,88.0,438.0,467.0,303.0,294.0,308.0,462.0,1323.0,1306.0,556.0,530.0,185.0,218.0,158.0,129.0,76.0
4,2005,2046.0,63.0,3288.0,90.0,438.0,467.0,303.0,295.0,308.0,486.0,1323.0,1306.0,560.0,530.0,185.0,216.0,158.0,129.0,76.0
5,2005,2018.0,64.0,3222.0,,,,,,308.0,486.0,,1303.0,,,,,,,
6,2005,2019.0,75.0,3201.0,,,,,,,486.0,1300.0,1288.0,562.0,,,,,124.0,
7,2005,2025.0,89.0,3203.0,,,474.0,301.0,294.0,306.0,486.0,1323.0,1292.0,565.0,,185.0,216.0,182.0,129.0,
8,2005,2028.0,88.0,3183.0,87.0,438.0,426.0,300.0,295.0,304.0,486.0,1278.0,1290.0,517.0,,185.0,208.0,154.0,129.0,73.0
9,2005,2027.0,87.0,3187.0,93.0,438.0,396.0,300.0,294.0,308.0,474.0,1277.0,1305.0,531.0,,183.0,22.0,160.0,121.0,
10,2005,2040.0,75.0,3282.0,,,,,,308.0,468.0,1323.0,1306.0,,,,,,,
11,2005,2047.0,74.0,3292.0,,,,,295.0,,468.0,1323.0,1306.0,551.0,,185.0,224.0,,,
12,2005,2047.0,73.0,3294.0,,438.0,467.0,303.0,295.0,308.0,468.0,1323.0,1309.0,553.0,,185.0,224.0,182.0,129.0,
1,2006,2047.0,71.0,3297.0,90.0,438.0,467.0,303.0,295.0,308.0,468.0,1323.0,1309.0,556.0,530.0,185.0,224.0,182.0,129.0,76.0
2,2006,2047.0,69.0,3299.0,90.0,438.0,468.0,303.0,295.0,308.0,468.0,1323.0,1309.0,560.0,530.0,185.0,224.0,182.0,129.0,76.0
3,2006,2048.0,67.0,3299.0,90.0,438.0,470.0,303.0,295.0,308.0,467.0,1323.0,1309.0,563.0,530.0,185.0,224.0,182.0,129.0,76.0
4,2006,2050.0,55.0,3299.0,90.0,438.0,471.0,303.0,295.0,308.0,444.0,1323.0,1309.0,566.0,,185.0,223.0,182.0,129.0,
5,2006,2054.0,62.0,3222.0,,,,,,308.0,438.0,1319.0,1308.0,,,,,,,
6,2006,2069.0,88.0,3205.0,,,,,294.0,,487.0,1323.0,1286.0,568.0,,185.0,218.0,,,
7,2006,2077.0,89.0,3204.0,,437.0,474.0,298.0,294.0,308.0,486.0,1272.0,1296.0,566.0,,185.0,183.0,177.0,128.0,
8,2006,2077.0,88.0,3204.0,87.0,433.0,432.0,298.0,293.0,304.0,485.0,1259.0,1300.0,490.0,530.0,184.0,184.0,164.0,129.0,74.0
9,2006,2077.0,,3246.0,93.0,438.0,366.0,303.0,292.0,308.0,474.0,1323.0,1300.0,492.0,530.0,184.0,220.0,153.0,,71.0
10,2006,2077.0,88.0,3285.0,,,,,,308.0,458.0,1323.0,1308.0,,,,,,,
11,2006,2077.0,88.0,3292.0,,,,,,308.0,469.0,1323.0,1306.0,568.0,,,,167.0,129.0,
12,2006,2077.0,88.0,3294.0,,439.0,465.0,303.0,292.0,308.0,469.0,1323.0,1309.0,568.0,,185.0,225.0,169.0,129.0,
1,2007,2077.0,88.0,3297.0,93.0,439.0,466.0,303.0,292.0,308.0,471.0,1323.0,1309.0,568.0,530.0,185.0,225.0,172.0,129.0,74.0
2,2007,2077.0,88.0,3299.0,93.0,439.0,467.0,302.0,292.0,308.0,471.0,1323.0,1309.0,568.0,530.0,185.0,225.0,175.0,129.0,74.0
3,2007,2077.0,88.0,3299.0,93.0,439.0,468.0,301.0,292.0,308.0,471.0,1323.0,1309.0,568.0,530.0,185.0,225.0,177.0,129.0,74.0
4,2007,2077.0,,3299.0,93.0,439.0,469.0,300.0,292.0,308.0,465.0,1323.0,1301.0,568.0,530.0,185.0,225.0,180.0,,74.0
5,2007,2077.0,71.0,3275.0,,,,,,305.0,449.0,1319.0,1300.0,,,,,,,
6,2007,2076.0,88.0,3224.0,,,,,,305.0,452.0,1310.0,1309.0,568.0,,,,182.0,128.0,
7,2007,2074.0,89.0,3004.0,,437.0,472.0,300.0,291.0,308.0,470.0,1291.0,1297.0,542.0,,166.0,220.0,181.0,129.0,
8,2007,2064.0,88.0,3183.0,90.0,437.0,428.0,298.0,285.0,306.0,465.0,1289.0,1300.0,498.0,530.0,64.0,217.0,169.0,129.0,71.0
9,2007,2069.0,88.0,,,438.0,394.0,,287.0,306.0,,,1300.0,490.0,530.0,,223.0,49.0,129.0,73.0
10,2007,2069.0,,,,,,,,308.0,,1320.0,1306.0,,,,,,,
11,2007,2066.0,69.0,3303.0,,,,,,308.0,457.0,1321.0,1306.0,,,,217.0,,129.0,
12,2007,2066.0,71.0,3304.0,,,,,295.0,308.0,455.0,1321.0,1308.0,555.0,,176.0,219.0,173.0,129.0,
1,2008,2066.0,73.0,3307.0,93.0,437.0,459.0,303.0,295.0,308.0,453.0,1322.0,1308.0,558.0,,178.0,221.0,174.0,129.0,76.0
2,2008,2066.0,74.0,3309.0,93.0,437.0,463.0,303.0,295.0,308.0,452.0,1323.0,1308.0,562.0,530.0,179.0,223.0,175.0,129.0,76.0
3,2008,2066.0,75.0,3312.0,93.0,437.0,466.0,303.0,295.0,308.0,452.0,1323.0,1308.0,565.0,530.0,182.0,223.0,176.0,129.0,76.0
4,2008,2055.0,77.0,,,437.0,468.0,,295.0,308.0,,,1308.0,568.0,530.0,,224.0,177.0,129.0,76.0
5,2008,2052.0,,,,,,,,308.0,,1323.0,1308.0,,,,,,,
6,2008,2050.0,81.0,3297.0,,,,,,306.0,486.0,1320.0,1293.0,,,,224.0,,128.0,
7,2008,2050.0,89.0,3222.0,,,,,295.0,302.0,486.0,1285.0,1296.0,564.0,,185.0,196.0,182.0,128.0,
8,2008,2047.0,89.0,3224.0,93.0,435.0,444.0,300.0,294.0,301.0,486.0,1299.0,1300.0,538.0,,185.0,218.0,182.0,129.0,74.0
9,2008,2039.0,87.0,3230.0,93.0,437.0,,303.0,290.0,308.0,472.0,1301.0,1300.0,441.0,530.0,185.0,218.0,119.0,129.0,
10,2008,2051.0,75.0,3281.0,,,,,,308.0,457.0,,1308.0,,,,,,,
11,2008,2051.0,75.0,3292.0,,,,,,308.0,457.0,1319.0,1308.0,549.0,,185.0,,,,
12,2008,2051.0,74.0,3294.0,,,450.0,,290.0,308.0,457.0,1320.0,1308.0,551.0,,185.0,217.0,171.0,129.0,
1,2009,2051.0,73.0,3297.0,84.0,439.0,453.0,303.0,291.0,308.0,457.0,1321.0,1308.0,555.0,,185.0,217.0,172.0,129.0,76.0
2,2009,2051.0,71.0,3299.0,85.0,439.0,457.0,303.0,293.0,308.0,457.0,1321.0,1308.0,558.0,526.0,185.0,217.0,173.0,129.0,76.0
3,2009,2051.0,69.0,3299.0,87.0,439.0,461.0,303.0,295.0,308.0,457.0,1322.0,1308.0,562.0,525.0,185.0,216.0,174.0,129.0,76.0
4,2009,2051.0,64.0,3299.0,88.0,439.0,,303.0,295.0,308.0,457.0,1323.0,1305.0,565.0,525.0,185.0,216.0,175.0,129.0,
5,2009,2038.0,64.0,3297.0,,,,,,308.0,487.0,,1301.0,,,,,,,
6,2009,2038.0,89.0,3067.0,,,,,,299.0,486.0,1319.0,1301.0,568.0,,185.0,,,,
7,2009,2039.0,89.0,3090.0,,,470.0,,293.0,306.0,487.0,1285.0,1286.0,562.0,,185.0,211.0,180.0,115.0,
8,2009,2039.0,88.0,3021.0,93.0,437.0,466.0,303.0,277.0,306.0,482.0,1276.0,1295.0,562.0,,185.0,211.0,166.0,129.0,74.0
9,2009,2034.0,76.0,,,437.0,401.0,,276.0,306.0,474.0,,1290.0,,,183.0,216.0,,128.0,
10,2009,2042.0,69.0,3203.0,,,,,,308.0,466.0,1323.0,1295.0,,,,,,,
11,2009,2042.0,69.0,3287.0,,,,,,,466.0,1323.0,1306.0,,,172.0,,,129.0,
12,2009,2042.0,69.0,3288.0,,,476.0,,289.0,308.0,465.0,1323.0,1309.0,562.0,,175.0,214.0,177.0,129.0,
1,2010,2042.0,69.0,3289.0,93.0,439.0,476.0,301.0,290.0,308.0,463.0,1323.0,1309.0,562.0,,178.0,213.0,177.0,129.0,
2,2010,2042.0,69.0,3291.0,93.0,439.0,476.0,301.0,290.0,308.0,461.0,1323.0,1309.0,562.0,530.0,178.0,213.0,178.0,129.0,70.0
3,2010,2042.0,69.0,3293.0,93.0,439.0,476.0,301.0,292.0,308.0,460.0,1323.0,1309.0,562.0,530.0,181.0,213.0,179.0,129.0,70.0
4,2010,2041.0,69.0,,,439.0,476.0,,294.0,308.0,447.0,,1309.0,,,184.0,213.0,,129.0,
5,2010,2039.0,67.0,3293.0,,,,,,308.0,448.0,1319.0,1306.0,,,,,,,
6,2010,2040.0,89.0,3222.0,,,,,,,487.0,1319.0,1308.0,,,185.0,,,126.0,
7,2010,2038.0,89.0,3171.0,,,472.0,,295.0,306.0,487.0,1280.0,1297.0,568.0,,184.0,202.0,181.0,129.0,
8,2010,2037.0,88.0,3172.0,88.0,438.0,466.0,300.0,292.0,308.0,486.0,1278.0,1293.0,564.0,,184.0,225.0,134.0,,
9,2010,2039.0,85.0,3272.0,80.0,436.0,421.0,303.0,290.0,308.0,471.0,,1286.0,565.0,530.0,178.0,225.0,70.0,,72.0
10,2010,2041.0,,,,,,,,308.0,471.0,,1306.0,,,,,,,
11,2010,2044.0,67.0,3299.0,,,,,,,471.0,,1306.0,,,,,,129.0,
12,2010,2047.0,67.0,3300.0,,,,,293.0,308.0,470.0,1319.0,1306.0,568.0,,182.0,,179.0,129.0,
1,2011,2051.0,67.0,3303.0,,439.0,455.0,303.0,294.0,308.0,468.0,1320.0,1306.0,568.0,,183.0,225.0,180.0,129.0,
2,2011,2053.0,67.0,3304.0,87.0,439.0,459.0,303.0,294.0,308.0,468.0,1321.0,1306.0,568.0,530.0,184.0,225.0,181.0,129.0,74.0
3,2011,2057.0,67.0,3307.0,89.0,439.0,463.0,303.0,294.0,308.0,466.0,1321.0,1306.0,568.0,530.0,185.0,225.0,181.0,,74.0
4,2011,2059.0,67.0,3307.0,90.0,439.0,466.0,303.0,294.0,308.0,465.0,,1306.0,568.0,530.0,185.0,225.0,182.0,,74.0
5,2011,2059.0,,,,,,,,308.0,455.0,,1302.0,,,,,,,
6,2011,2047.0,88.0,3276.0,,,,,,,455.0,,1302.0,,,,,,128.0,
7,2011,2064.0,89.0,3183.0,,,,,294.0,308.0,486.0,1298.0,1296.0,568.0,,185.0,,180.0,128.0,
8,2011,2062.0,89.0,3184.0,,438.0,468.0,298.0,295.0,306.0,486.0,1303.0,1295.0,557.0,,185.0,216.0,153.0,129.0,
9,2011,2062.0,89.0,3183.0,93.0,437.0,,298.0,293.0,306.0,474.0,,1296.0,557.0,,183.0,214.0,104.0,129.0,
10,2011,2060.0,,,,,,,,308.0,,1323.0,1306.0,,,,,,,
11,2011,2060.0,82.0,,,,,,295.0,,,1323.0,1308.0,,,183.0,220.0,182.0,,
12,2011,2060.0,82.0,,,438.0,,303.0,295.0,308.0,,1323.0,1309.0,568.0,,184.0,220.0,182.0,129.0,
1,2012,2060.0,80.0,3270.0,93.0,438.0,439.0,303.0,295.0,308.0,476.0,1323.0,1309.0,568.0,,185.0,220.0,182.0,129.0,
2,2012,2060.0,76.0,3268.0,93.0,438.0,441.0,303.0,295.0,308.0,477.0,1323.0,1309.0,568.0,530.0,185.0,220.0,182.0,129.0,74.0
3,2012,2060.0,73.0,3266.0,93.0,438.0,444.0,303.0,295.0,308.0,479.0,1323.0,1309.0,568.0,530.0,185.0,220.0,182.0,129.0,74.0
4,2012,2060.0,70.0,3265.0,93.0,438.0,,303.0,295.0,308.0,481.0,,1309.0,568.0,,185.0,219.0,182.0,129.0,
5,2012,2060.0,,,,,,,,308.0,,1323.0,1280.0,,,,,,,
6,2012,2060.0,75.0,,,,,,290.0,,,1323.0,1277.0,,,185.0,208.0,182.0,,
7,2012,2060.0,67.0,,,432.0,,253.0,291.0,301.0,,1274.0,1277.0,562.0,,183.0,224.0,176.0,128.0,
8,2012,2045.0,64.0,3135.0,88.0,433.0,431.0,298.0,291.0,306.0,477.0,1274.0,1309.0,498.0,,113.0,224.0,133.0,114.0,
9,2012,2041.0,64.0,,,,,298.0,290.0,305.0,,,1295.0,,530.0,77.0,225.0,,129.0,70.0
10,2012,2057.0,,3285.0,,,,,,,471.0,1316.0,1297.0,,,,,,,
11,2012,2060.0,65.0,3287.0,,,,,278.0,308.0,471.0,1316.0,1303.0,568.0,,178.0,,175.0,129.0,
12,2012,2060.0,65.0,3288.0,,437.0,457.0,,280.0,308.0,471.0,1316.0,1303.0,568.0,,179.0,,176.0,129.0,
1,2013,2060.0,65.0,3290.0,93.0,437.0,461.0,301.0,281.0,308.0,469.0,1316.0,1303.0,568.0,530.0,180.0,225.0,177.0,129.0,76.0
2,2013,2060.0,65.0,3292.0,93.0,437.0,465.0,301.0,282.0,308.0,468.0,1316.0,1303.0,568.0,530.0,181.0,225.0,177.0,129.0,76.0
3,2013,2059.0,65.0,3294.0,93.0,437.0,467.0,301.0,283.0,308.0,467.0,1316.0,1303.0,568.0,530.0,182.0,225.0,178.0,129.0,76.0
4,2013,2051.0,65.0,,,,,301.0,284.0,308.0,,,1301.0,,530.0,183.0,225.0,,129.0,76.0
5,2013,2047.0,,3175.0,,,,,,,467.0,1323.0,1300.0,,,,,,,
6,2013,2047.0,84.0,3137.0,,,,,285.0,306.0,486.0,1299.0,1300.0,568.0,,183.0,,179.0,129.0,
7,2013,2041.0,88.0,3135.0,,437.0,474.0,,287.0,306.0,486.0,1299.0,1288.0,565.0,,140.0,,178.0,128.0,
8,2013,2037.0,81.0,3141.0,91.0,437.0,422.0,300.0,286.0,306.0,485.0,1317.0,1296.0,498.0,530.0,120.0,208.0,181.0,129.0,75.0
9,2013,2042.0,72.0,3161.0,,438.0,419.0,302.0,290.0,308.0,471.0,,1300.0,502.0,530.0,60.0,221.0,145.0,126.0,76.0
10,2013,2052.0,,,,,,,,,474.0,1319.0,1301.0,,,,,,,
11,2013,2052.0,67.0,3279.0,,,,,291.0,308.0,474.0,1319.0,1306.0,,,,223.0,,,
12,2013,2052.0,67.0,3277.0,,439.0,,303.0,291.0,308.0,474.0,1319.0,1309.0,568.0,,179.0,223.0,177.0,129.0,
1,2014,2052.0,67.0,3276.0,91.0,439.0,449.0,303.0,291.0,308.0,473.0,1319.0,1309.0,568.0,,180.0,223.0,177.0,129.0,
2,2014,2052.0,67.0,3273.0,91.0,439.0,453.0,303.0,291.0,308.0,472.0,1319.0,1309.0,568.0,530.0,181.0,224.0,178.0,129.0,76.0
3,2014,2051.0,67.0,3271.0,91.0,439.0,456.0,303.0,291.0,308.0,471.0,1319.0,1309.0,568.0,530.0,182.0,224.0,179.0,129.0,76.0
4,2014,2040.0,66.0,3269.0,,439.0,460.0,303.0,290.0,308.0,474.0,,1277.0,568.0,530.0,183.0,225.0,180.0,129.0,76.0
5,2014,1998.0,,,,,,,,,478.0,1321.0,1279.0,,,,,,,
6,2014,1996.0,87.0,3127.0,,,,,290.0,306.0,486.0,1297.0,1247.0,,,,225.0,,,
7,2014,1991.0,87.0,3127.0,,438.0,,303.0,291.0,306.0,486.0,1301.0,1251.0,568.0,,178.0,224.0,178.0,126.0,
8,2014,1978.0,88.0,3139.0,90.0,437.0,457.0,298.0,292.0,306.0,486.0,1303.0,1250.0,545.0,,184.0,218.0,182.0,129.0,
9,2014,1978.0,82.0,3157.0,93.0,438.0,413.0,303.0,292.0,306.0,473.0,1277.0,1251.0,501.0,,184.0,224.0,102.0,129.0,
10,2014,1988.0,69.0,3159.0,,,,,,308.0,460.0,1317.0,1279.0,,,,,,,
11,2014,1987.0,69.0,3170.0,,,,,,308.0,472.0,1317.0,1305.0,,,,,,,
12,2014,1989.0,69.0,3173.0,,438.0,476.0,303.0,291.0,308.0,472.0,1318.0,1306.0,553.0,,182.0,225.0,179.0,129.0,
1,2015,1989.0,66.0,3175.0,93.0,438.0,476.0,303.0,291.0,308.0,474.0,1319.0,1306.0,556.0,525.0,183.0,225.0,180.0,129.0,74.0
2,2015,1989.0,64.0,3177.0,93.0,438.0,476.0,303.0,291.0,308.0,474.0,1319.0,1306.0,560.0,525.0,184.0,225.0,181.0,129.0,74.0
3,2015,1989.0,61.0,3180.0,93.0,438.0,476.0,303.0,291.0,308.0,474.0,1319.0,1305.0,563.0,526.0,185.0,225.0,181.0,129.0,74.0
4,2015,1989.0,50.0,3293.0,93.0,438.0,476.0,303.0,291.0,308.0,487.0,1319.0,1287.0,566.0,,185.0,225.0,182.0,129.0,
5,2015,1989.0,61.0,3176.0,,,,,,308.0,485.0,1297.0,1274.0,,,,,,,
6,2015,1989.0,89.0,3122.0,,,,,,306.0,486.0,1299.0,1268.0,,,,,,,
7,2015,1946.0,89.0,3119.0,,438.0,474.0,300.0,291.0,306.0,485.0,1299.0,1250.0,562.0,,185.0,220.0,174.0,129.0,
8,2015,1918.0,89.0,3161.0,88.0,438.0,446.0,303.0,291.0,308.0,453.0,1282.0,1225.0,498.0,530.0,184.0,217.0,178.0,129.0,74.0
9,2015,1900.0,79.0,3163.0,90.0,438.0,364.0,303.0,292.0,308.0,457.0,1281.0,1226.0,499.0,,184.0,,178.0,,
10,2015,1914.0,,3159.0,,,,,,,454.0,1336.0,1228.0,,,,,,,
11,2015,1917.0,71.0,3285.0,,,,,,315.0,456.0,1337.0,1326.0,569.0,,,,164.0,,
12,2015,1921.0,71.0,3287.0,,441.0,468.0,311.0,300.0,315.0,458.0,1337.0,1330.0,570.0,,190.0,219.0,164.0,129.0,
1,2016,1921.0,71.0,3288.0,90.0,441.0,471.0,311.0,302.0,315.0,459.0,1338.0,1334.0,572.0,532.0,190.0,220.0,164.0,129.0,79.0
2,2016,1921.0,71.0,3288.0,90.0,441.0,474.0,311.0,302.0,315.0,459.0,1338.0,1334.0,576.0,532.0,190.0,220.0,164.0,129.0,79.0
3,2016,1921.0,69.0,3288.0,90.0,441.0,478.0,311.0,302.0,315.0,459.0,1338.0,1334.0,576.0,533.0,190.0,221.0,163.0,129.0,79.0
4,2016,1921.0,66.0,3143.0,90.0,441.0,481.0,311.0,302.0,315.0,465.0,1328.0,1334.0,576.0,,190.0,,163.0,,
5,2016,1899.0,,3142.0,,,,,,,465.0,1315.0,1236.0,,,,,,,
6,2016,1908.0,88.0,3132.0,,,,,,315.0,463.0,1317.0,1234.0,571.0,,,,184.0,,
7,2016,1897.0,89.0,3130.0,,441.0,475.0,311.0,299.0,315.0,452.0,1317.0,1227.0,580.0,,189.0,200.0,178.0,129.0,
8,2016,1892.0,89.0,3143.0,90.0,432.0,438.0,311.0,299.0,315.0,451.0,1323.0,1221.0,490.0,,189.0,217.0,150.0,129.0,79.0
9,2016,1886.0,87.0,3162.0,,443.0,,311.0,298.0,315.0,,1319.0,1227.0,,,189.0,,150.0,129.0,
10,2016,1894.0,89.0,3376.0,,,,,,,453.0,1332.0,1227.0,,,,,,,
11,2016,1976.0,89.0,3376.0,,,,,297.0,,455.0,1333.0,1325.0,581.0,,189.0,,,129.0,
12,2016,1980.0,89.0,3377.0,,443.0,459.0,,297.0,,457.0,1334.0,1329.0,581.0,,189.0,225.0,183.0,129.0,
1,2017,1983.0,86.0,3377.0,93.0,443.0,463.0,311.0,297.0,315.0,458.0,1335.0,1333.0,581.0,536.0,189.0,226.0,184.0,129.0,79.0
2,2017,1986.0,82.0,3378.0,93.0,443.0,466.0,311.0,297.0,315.0,460.0,1335.0,1333.0,581.0,536.0,189.0,226.0,185.0,129.0,79.0
3,2017,1988.0,55.0,3378.0,93.0,443.0,468.0,311.0,296.0,315.0,461.0,1335.0,1333.0,581.0,,188.0,227.0,185.0,129.0,79.0
4,2017,1988.0,56.0,3378.0,,443.0,,311.0,295.0,315.0,,1335.0,1299.0,,,187.0,,186.0,129.0,
5,2017,1976.0,60.0,3224.0,,,,,,,450.0,1329.0,1242.0,,,,,,,
6,2017,1980.0,87.0,3120.0,,,,,300.0,,448.0,1280.0,1244.0,572.0,,190.0,,,129.0,
7,2017,2005.0,87.0,3122.0,,443.0,468.0,,299.0,,451.0,1299.0,1237.0,571.0,,189.0,223.0,183.0,129.0,
8,2017,2030.0,89.0,3143.0,88.0,440.0,437.0,311.0,299.0,313.0,441.0,1325.0,1230.0,565.0,536.0,187.0,220.0,178.0,129.0,79.0
9,2017,2045.0,87.0,3158.0,90.0,443.0,,311.0,281.0,315.0,425.0,,1293.0,549.0,,189.0,,154.0,,
10,2017,2045.0,65.0,3170.0,90.0,,,,,,423.0,1328.0,1300.0,,,,,,,
11,2017,2068.0,65.0,3358.0,90.0,,,,255.0,315.0,423.0,1328.0,1319.0,,,189.0,,181.0,,
12,2017,2071.0,65.0,3359.0,87.0,443.0,463.0,311.0,254.0,315.0,421.0,1328.0,1323.0,581.0,,189.0,224.0,182.0,130.0,
1,2018,2075.0,65.0,3359.0,85.0,443.0,466.0,311.0,253.0,315.0,420.0,1328.0,1327.0,581.0,536.0,189.0,225.0,183.0,130.0,79.0
2,2018,2078.0,65.0,3360.0,82.0,443.0,468.0,311.0,252.0,315.0,418.0,1328.0,1331.0,581.0,536.0,189.0,225.0,184.0,130.0,79.0
3,2018,2078.0,65.0,3361.0,1.0,443.0,470.0,311.0,238.0,315.0,376.0,1328.0,1333.0,581.0,536.0,189.0,226.0,185.0,130.0,79.0
4,2018,2051.0,65.0,3361.0,93.0,443.0,,311.0,237.0,315.0,441.0,,1286.0,581.0,,189.0,,185.0,,
5,2018,2046.0,64.0,3139.0,93.0,,,,,,441.0,1328.0,1277.0,,,,,,,
6,2018,2043.0,88.0,3115.0,93.0,,,,229.0,315.0,440.0,1300.0,1248.0,,,189.0,,186.0,,
7,2018,2043.0,88.0,3115.0,91.0,441.0,475.0,311.0,230.0,315.0,438.0,1327.0,1238.0,580.0,,188.0,217.0,178.0,129.0,
8,2018,2044.0,82.0,3133.0,93.0,443.0,446.0,311.0,234.0,315.0,428.0,1324.0,1238.0,580.0,536.0,104.0,221.0,178.0,129.0,79.0
9,2018,2044.0,63.0,3263.0,,443.0,,,235.0,315.0,423.0,1327.0,1228.0,,,,,,129.0,
10,2018,2044.0,51.0,3510.0,,,,,,315.0,423.0,1328.0,1228.0,,,,,,,
11,2018,2044.0,51.0,3510.0,,,,,,,422.0,1328.0,1277.0,,,,,,,
12,2018,2044.0,51.0,3511.0,,,396.0,,271.0,311.0,420.0,1328.0,1279.0,,,187.0,226.0,105.0,130.0,
1,2019,2044.0,51.0,3511.0,88.0,443.0,394.0,311.0,271.0,308.0,419.0,1328.0,1283.0,560.0,536.0,188.0,226.0,104.0,130.0,79.0
2,2019,2044.0,50.0,3511.0,88.0,443.0,392.0,311.0,271.0,306.0,417.0,1328.0,1286.0,562.0,536.0,189.0,226.0,103.0,130.0,79.0
3,2019,2044.0,48.0,3511.0,88.0,443.0,389.0,311.0,271.0,305.0,342.0,1329.0,1286.0,565.0,536.0,190.0,226.0,102.0,130.0,79.0
4,2019,2043.0,45.0,3511.0,,443.0,,,271.0,302.0,392.0,1329.0,1286.0,,,,,,130.0,
5,2019,2045.0,64.0,3165.0,,,,,,259.0,409.0,1327.0,1300.0,,,,,,,
6,2019,2046.0,85.0,3119.0,,,,,,,433.0,1317.0,1274.0,,,,,,,
7,2019,2045.0,88.0,3120.0,,,470.0,,240.0,315.0,435.0,1319.0,1286.0,,,193.0,209.0,180.0,129.0,
8,2019,2046.0,89.0,3129.0,94.0,436.0,472.0,311.0,230.0,315.0,432.0,,1250.0,539.0,536.0,187.0,,185.0,129.0,79.0
9,2019,2046.0,88.0,3161.0,,,436.0,,235.0,315.0,423.0,,1250.0,548.0,,187.0,,,,
10,2019,2051.0,75.0,3287.0,,,,,,,425.0,1339.0,1281.0,,,,,,,
11,2019,2051.0,75.0,3287.0,,,,,240.0,320.0,426.0,1339.0,1312.0,,,189.0,,183.0,,
12,2019,2051.0,75.0,3288.0,,491.0,491.0,350.0,241.0,320.0,426.0,1338.0,1316.0,579.0,,190.0,224.0,184.0,152.0,
1,2020,2051.0,72.0,3288.0,100.0,495.0,491.0,352.0,242.0,321.0,426.0,1338.0,1320.0,580.0,,190.0,224.0,185.0,152.0,91.0
2,2020,2051.0,68.0,3288.0,100.0,498.0,491.0,353.0,244.0,322.0,426.0,1338.0,1322.0,582.0,559.0,191.0,225.0,185.0,153.0,91.0
3,2020,2047.0,65.0,3288.0,100.0,501.0,491.0,354.0,244.0,323.0,426.0,,1306.0,585.0,561.0,192.0,,186.0,154.0,91.0
4,2020,2047.0,51.0,3277.0,,,491.0,,244.0,324.0,422.0,,1301.0,585.0,,193.0,,,,
5,2020,2046.0,63.0,2966.0,,,,,,,442.0,1333.0,1248.0,,,,,,,
6,2020,2046.0,89.0,3128.0,,,,,235.0,319.0,442.0,1303.0,1234.0,,,189.0,,188.0,,
7,2020,2043.0,89.0,3139.0,,482.0,489.0,347.0,228.0,321.0,447.0,1299.0,1232.0,585.0,,187.0,217.0,188.0,151.0,
8,2020,2046.0,89.0,3143.0,99.0,495.0,489.0,354.0,222.0,320.0,447.0,1306.0,1233.0,498.0,,161.0,224.0,165.0,150.0,91.0
9,2020,2045.0,72.0,3159.0,100.0,500.0,396.0,356.0,239.0,324.0,432.0,,1233.0,483.0,,127.0,,147.0,,
10,2020,,,,,,,,,,,,,,,,,,,
11,2020,,,,,,,,,,,,,,,,,,,
12,2020,,,,,,,,,,,,,,,,,,,
